0 1
1 2
2 0
3 1
4 0
5 1
6 0
7 0
8 0
9 1
10 0
11 0
12 2
13 0
14 0
15 0
16 0
17 2
18 2
19 0
20 0
21 0
22 3
23 1
24 0
25 0
26 0
27 0
28 0
29 0
30 0
31 0
32 0
33 1
34 1
35 0
36 0
37 0
38 2
39 1
40 0
41 3
42 1
43 0
44 0
45 1
46 2
47 0
48 0
49 0
50 0
51 0
52 0
53 0
54 0
55 0
56 2
57 0
58 0
59 1
60 0
61 0
62 1
63 1
64 2
65 0
66 0
67 0
68 3
69 1
70 0
71 1
72 0
73 0
74 1
75 1
76 0
77 0
78 0
79 0
80 1
81 1
82 1
83 0
84 0
85 1
86 1
87 0
88 0
89 0
90 1
91 1
92 0
93 0
94 0
95 2
96 1
97 0
98 2
99 0
100 0
101 1
102 2
103 0
104 0
105 0
106 0
107 0
108 0
109 0
110 0
111 1
112 0
113 2
114 0
115 0
116 0
117 0
118 1
119 0
120 0
121 0
122 0
123 1
124 0
125 0
126 2
127 2
128 0
129 0
130 0
131 0
132 0
133 0
134 0
135 0
136 0
137 3
138 0
139 0
140 1
141 0
142 1
143 1
144 0
145 0
146 3
147 0
148 0
149 1
150 3
151 0
152 0
153 0
154 0
155 0
156 1
157 0
158 0
159 0
160 0
161 0
162 0
163 0
164 0
165 2
166 0
167 0
168 0
169 0
170 0
171 0
172 0
173 1
174 0
175 0
176 0
177 0
178 0
179 0
180 1
181 2
182 0
183 0
184 1
185 1
186 0
187 1
188 1
189 1
190 0
191 0
192 2
193 0
194 0
195 0
196 1
197 0
198 0
199 0
200 0
201 0
202 1
203 0
204 1
205 3
206 0
207 0
208 0
209 0
210 0
211 0
212 0
213 1
214 0
215 0
216 1
217 0
218 2
219 3
220 0
221 0
222 0
223 0
224 0
225 2
226 0
227 0
228 0
229 0
230 0
231 0
232 1
233 0
234 0
235 0
236 1
237 0
238 0
239 0
240 0
241 1
242 0
243 0
244 0
245 2
246 0
247 0
248 0
249 1
250 0
251 1
252 0
253 0
254 2
255 1
256 0
257 0
258 3
259 1
260 0
261 0
262 0
263 0
264 0
265 1
266 0
267 0
268 0
269 0
270 1
271 2
272 0
273 0
274 0
275 0
276 1
277 2
278 0
279 0
280 1
281 0
282 0
283 0
284 0
285 0
286 1
287 0
288 0
289 3
290 1
291 0
292 0
293 0
294 0
295 0
296 0
297 0
298 0
299 0
300 2
301 0
302 1
303 0
304 1
305 0
306 0
307 0
308 3
309 2
310 0
311 3
312 0
313 0
314 0
315 0
316 0
317 0
318 0
319 0
320 0
321 0
322 0
323 0
324 0
325 1
326 1
327 1
328 0
329 1
330 0
331 0
332 3
333 0
334 0
335 3
336 0
337 2
338 3
339 0
340 0
341 1
342 0
343 0
344 1
345 1
346 0
347 0
348 0
349 0
350 0
351 0
352 0
353 1
354 0
355 1
356 1
357 0
358 0
359 0
360 1
361 3
362 2
363 0
364 1
365 0
366 1
367 1
368 1
369 1
370 0
371 2
372 0
373 0
374 0
375 0
376 0
377 0
378 0
379 2
380 0
381 0
382 0
383 1
384 0
385 0
386 1
387 1
388 1
389 0
390 0
391 0
392 0
393 0
394 0
395 1
396 1
397 0
398 0
399 0
400 0
401 1
402 0
403 1
404 0
405 0
406 1
407 0
408 0
409 0
410 0
411 3
412 0
413 0
414 0
415 2
416 1
417 4
418 1
419 1
420 0
421 0
422 0
423 0
424 0
425 1
426 2
427 0
428 2
429 0
430 2
431 0
432 0
433 0
434 0
435 0
436 0
437 0
438 0
439 0
440 0
441 0
442 0
443 0
444 1
445 1
446 1
447 0
448 1
449 0
450 2
451 0
452 0
453 0
454 0
455 0
456 0
457 0
458 0
459 1
460 0
461 0
462 0
463 0
464 0
465 1
466 0
467 1
468 1
469 0
470 0
471 0
472 0
473 2
474 1
475 0
476 0
477 1
478 1
479 0
480 1
481 0
482 0
483 1
484 1
485 2
486 0
487 0
488 0
489 0
490 0
491 3
492 0
493 0
494 0
495 0
496 1
497 4
498 0
499 0
500 0
501 0
502 0
503 2
504 0
505 0
506 0
507 0
508 0
509 0
510 0
511 0
512 1
513 0
514 0
515 0
516 0
517 0
518 1
519 0
520 0
521 0
522 0
523 0
524 1
525 0
526 1
527 0
528 1
529 0
530 1
531 0
532 0
533 0
534 0
535 1
536 0
537 0
538 0
539 0
540 1
541 1
542 0
543 0
544 0
545 0
546 1
547 2
548 1
549 0
550 0
551 0
552 1
553 0
554 1
555 0
556 0
557 0
558 1
559 0
560 0
561 0
562 0
563 0
564 2
565 0
566 1
567 0
568 4
569 0
570 0
571 0
572 0
573 1
574 0
575 0
576 0
577 0
578 0
579 0
580 1
581 1
582 0
583 0
584 0
585 1
586 1
587 0
588 0
589 1
590 0
591 1
592 1
593 1
594 0
595 1
596 1
597 4
598 2
599 0
600 1
601 0
602 0
603 0
604 0
605 0
606 0
607 0
608 2
609 0
610 0
611 0
612 0
613 0
614 0
615 0
616 0
617 0
618 0
619 1
620 2
621 1
622 0
623 0
624 0
625 0
626 0
627 1
628 2
629 0
630 0
631 1
632 0
633 0
634 0
635 2
636 2
637 0
638 1
639 1
640 2
641 0
642 0
643 1
644 0
645 0
646 0
647 0
648 2
649 0
650 2
651 0
652 2
653 0
654 2
655 1
656 0
657 0
658 1
659 0
660 0
661 1
662 1
663 0
664 1
665 0
666 0
667 1
668 1
669 0
670 0
671 2
672 0
673 0
674 0
675 1
676 0
677 0
678 0
679 1
680 1
681 0
682 1
683 0
684 0
685 0
686 1
687 0
688 0
689 0
690 0
691 0
692 0
693 0
694 0
695 1
696 1
697 1
698 0
699 0
700 0
701 0
702 0
703 2
704 0
705 0
706 0
707 0
708 0
709 0
710 0
711 0
712 2
713 0
714 1
715 0
716 0
717 0
718 1
719 0
720 0
721 1
722 1
723 0
724 0
725 0
726 0
727 0
728 0
729 0
730 1
731 0
732 0
733 0
734 1
735 0
736 0
737 0
738 2
739 1
740 1
741 0
742 2
743 0
744 1
745 0
746 0
747 3
748 0
749 1
750 0
751 0
752 0
753 0
754 1
755 2
756 0
757 0
758 0
759 0
760 1
761 0
762 0
763 0
764 1
765 1
766 1
767 0
768 0
769 3
770 0
771 0
772 1
773 0
774 2
775 0
776 0
777 0
778 2
779 1
780 0
781 0
782 0
783 0
784 1
785 0
786 0
787 1
788 0
789 1
790 0
791 1
792 0
793 0
794 0
795 3
796 0
797 0
798 1
799 1
800 0
801 0
802 0
803 1
804 0
805 0
806 0
807 1
808 0
809 0
810 0
811 0
812 0
813 0
814 0
815 1
816 2
817 0
818 0
819 2
820 0
821 3
822 2
823 0
824 1
825 0
826 0
827 0
828 0
829 0
830 0
831 0
832 1
833 0
834 0
835 0
836 0
837 0
838 0
839 0
840 0
841 0
842 0
843 0
844 0
845 0
846 0
847 0
848 1
849 0
850 1
851 2
852 0
853 0
854 0
855 0
856 1
857 0
858 1
859 0
860 0
861 0
862 0
863 0
864 0
865 0
866 0
867 0
868 0
869 0
870 2
871 0
872 0
873 2
874 0
875 0
876 0
877 0
878 1
879 1
880 0
881 0
882 0
883 0
884 0
885 0
886 1
887 1
888 0
889 0
890 0
891 0
892 0
893 0
894 0
895 0
896 0
897 0
898 1
899 1
900 0
901 0
902 0
903 0
904 0
905 4
906 0
907 0
908 0
909 0
910 0
911 0
912 0
913 2
914 0
915 1
916 1
917 1
918 0
919 0
920 1
921 0
922 2
923 0
924 0
925 0
926 0
927 0
928 0
929 0
930 0
931 0
932 0
933 0
934 0
935 0
936 1
937 0
938 0
939 0
940 0
941 0
942 0
943 0
944 0
945 0
946 3
947 0
948 0
949 2
950 2
951 0
952 0
953 0
954 0
955 0
956 1
957 2
958 0
959 0
960 1
961 2
962 0
963 1
964 1
965 0
966 0
967 1
968 0
969 0
970 1
971 0
972 3
973 0
974 1
975 1
976 1
977 1
978 0
979 0
980 0
981 1
982 0
983 0
984 0
985 0
986 0
987 2
988 0
989 0
990 0
991 0
992 1
993 0
994 0
995 0
996 0
997 3
998 0
999 0
1000 1
1001 2
1002 1
1003 0
1004 0
1005 0
1006 0
1007 0
1008 0
1009 0
1010 0
1011 0
1012 2
1013 0
1014 2
1015 1
1016 0
1017 0
1018 0
1019 0
1020 0
1021 1
1022 0
1023 0
1024 0
1025 0
1026 1
1027 1
1028 0
1029 2
1030 0
1031 0
1032 0
1033 0
1034 0
1035 2
1036 0
1037 0
1038 0
1039 0
1040 4
1041 0
1042 0
1043 0
1044 0
1045 0
1046 0
1047 0
1048 0
1049 0
1050 0
1051 0
1052 0
1053 0
1054 2
1055 0
1056 1
1057 1
1058 0
1059 0
1060 0
1061 1
1062 0
1063 1
1064 3
1065 0
1066 0
1067 1
1068 1
1069 0
1070 1
1071 4
1072 0
1073 1
1074 1
1075 0
1076 0
1077 0
1078 0
1079 0
1080 0
1081 0
1082 0
1083 1
1084 0
1085 0
1086 0
1087 1
1088 0
1089 0
1090 0
1091 1
1092 0
1093 0
1094 0
1095 0
1096 0
1097 0
1098 0
1099 1
1100 0
1101 0
1102 0
1103 2
1104 0
1105 0
1106 0
1107 0
1108 0
1109 0
1110 1
1111 0
1112 0
1113 1
1114 0
1115 0
1116 0
1117 0
1118 0
1119 0
1120 0
1121 1
1122 0
1123 0
1124 2
1125 0
1126 0
1127 4
1128 0
1129 1
1130 0
1131 0
1132 1
1133 0
1134 1
1135 1
1136 0
1137 1
1138 1
1139 0
1140 0
1141 1
1142 0
1143 1
1144 0
1145 1
1146 1
1147 1
1148 0
1149 2
1150 0
1151 0
1152 0
1153 1
1154 0
1155 0
1156 2
1157 0
1158 0
1159 0
1160 0
1161 0
1162 1
1163 0
1164 0
1165 2
1166 0
1167 1
1168 2
1169 0
1170 2
1171 2
1172 0
1173 0
1174 1
1175 0
1176 2
1177 0
1178 0
1179 1
1180 0
1181 0
1182 0
1183 0
1184 2
1185 1
1186 1
1187 0
1188 1
1189 0
1190 2
1191 0
1192 2
1193 1
1194 0
1195 0
1196 0
1197 0
1198 0
1199 0
1200 0
1201 0
1202 3
1203 0
1204 1
1205 2
1206 1
1207 1
1208 1
1209 0
1210 1
1211 0
1212 0
1213 2
1214 0
1215 0
1216 1
1217 0
1218 1
1219 0
1220 0
1221 0
1222 0
1223 1
1224 2
1225 0
1226 1
1227 2
1228 0
1229 0
1230 0
1231 0
1232 0
1233 1
1234 0
1235 0
1236 0
1237 0
1238 0
1239 1
1240 1
1241 2
1242 0
1243 0
1244 0
1245 0
1246 0
1247 1
1248 2
1249 0
1250 1
1251 2
1252 0
1253 0
1254 0
1255 0
1256 0
1257 0
1258 0
1259 0
1260 0
1261 0
1262 0
1263 0
1264 0
1265 0
1266 0
1267 0
1268 0
1269 0
1270 0
1271 0
1272 0
1273 1
1274 0
1275 2
1276 0
1277 1
1278 1
1279 0
1280 0
1281 0
1282 0
1283 0
1284 0
1285 1
1286 1
1287 2
1288 0
1289 2
1290 1
1291 1
1292 0
1293 0
1294 1
1295 3
1296 0
1297 0
1298 1
1299 2
1300 0
1301 0
1302 0
1303 0
1304 2
1305 0
1306 1
1307 0
1308 0
1309 0
1310 1
1311 1
1312 0
1313 0
1314 0
1315 0
1316 2
1317 0
1318 1
1319 0
1320 0
1321 0
1322 0
1323 0
1324 0
1325 0
1326 0
1327 0
1328 1
1329 2
1330 2
1331 0
1332 1
1333 0
1334 0
1335 1
1336 2
1337 0
1338 3
1339 0
1340 2
1341 0
1342 0
1343 0
1344 0
1345 1
1346 0
1347 2
1348 0
1349 0
1350 0
1351 0
1352 0
1353 1
1354 0
1355 1
1356 0
1357 0
1358 0
1359 1
1360 0
1361 0
1362 2
1363 0
1364 1
1365 0
1366 2
1367 2
1368 0
1369 0
1370 1
1371 0
1372 1
1373 1
1374 1
1375 0
1376 0
1377 0
1378 0
1379 0
1380 0
1381 0
1382 0
1383 0
1384 2
1385 0
1386 0
1387 1
1388 0
1389 0
1390 1
1391 0
1392 0
1393 0
1394 0
1395 0
1396 0
1397 1
1398 0
1399 0
1400 0
1401 0
1402 0
1403 0
1404 0
1405 1
1406 0
1407 0
1408 0
1409 0
1410 0
1411 0
1412 0
1413 0
1414 0
1415 0
1416 1
1417 0
1418 0
1419 0
1420 0
1421 0
1422 1
1423 0
1424 0
1425 4
1426 2
1427 1
1428 0
1429 0
1430 0
1431 0
1432 2
1433 0
1434 1
1435 0
1436 0
1437 0
1438 1
1439 1
1440 0
1441 0
1442 3
1443 0
1444 0
1445 0
1446 0
1447 0
1448 0
1449 3
1450 1
1451 0
1452 0
1453 1
1454 0
1455 0
1456 1
1457 7
1458 3
1459 1
1460 0
1461 0
1462 0
1463 0
1464 0
1465 0
1466 0
1467 0
1468 0
1469 0
1470 0
1471 1
1472 1
1473 0
1474 0
1475 0
1476 0
1477 0
1478 0
1479 0
1480 0
1481 0
1482 0
1483 0
1484 0
1485 0
1486 2
1487 2
1488 0
1489 0
1490 0
1491 0
1492 0
1493 0
1494 0
1495 0
1496 0
1497 0
1498 0
1499 2
1500 1
1501 0
1502 0
1503 1
1504 0
1505 0
1506 0
1507 0
1508 5
1509 0
1510 0
1511 0
1512 0
1513 4
1514 1
1515 0
1516 0
1517 0
1518 0
1519 0
1520 0
1521 0
1522 1
1523 3
1524 0
1525 0
1526 0
1527 0
1528 0
1529 0
1530 0
1531 2
1532 1
1533 0
1534 1
1535 0
1536 0
1537 0
1538 2
1539 0
1540 0
1541 0
1542 1
1543 0
1544 0
1545 0
1546 1
1547 0
1548 0
1549 4
1550 0
1551 3
1552 0
1553 1
1554 0
1555 0
1556 1
1557 0
1558 0
1559 1
1560 0
1561 0
1562 1
1563 1
1564 1
1565 2
1566 1
1567 0
1568 0
1569 1
1570 1
1571 0
1572 0
1573 2
1574 0
1575 2
1576 0
1577 0
1578 2
1579 1
1580 0
1581 0
1582 0
1583 0
1584 2
1585 0
1586 0
1587 0
1588 0
1589 0
1590 1
1591 1
1592 0
1593 1
1594 0
1595 0
1596 3
1597 1
1598 0
1599 0
1600 0
1601 0
1602 0
1603 1
1604 3
1605 0
1606 0
1607 0
1608 1
1609 0
1610 0
1611 1
1612 0
1613 0
1614 0
1615 2
1616 1
1617 1
1618 1
1619 0
1620 0
1621 1
1622 0
1623 1
1624 0
1625 0
1626 0
1627 0
1628 1
1629 0
1630 0
1631 1
1632 0
1633 1
1634 1
1635 4
1636 2
1637 0
1638 0
1639 0
1640 0
1641 1
1642 0
1643 4
1644 2
1645 1
1646 0
1647 0
1648 2
1649 0
1650 0
1651 0
1652 1
1653 0
1654 0
1655 2
1656 0
1657 0
1658 1
1659 0
1660 0
1661 3
1662 0
1663 0
1664 2
1665 1
1666 2
1667 0
1668 1
1669 1
1670 2
1671 0
1672 0
1673 0
1674 0
1675 0
1676 0
1677 0
1678 1
1679 0
1680 0
1681 1
1682 0
1683 0
1684 0
1685 0
1686 0
1687 0
1688 0
1689 0
1690 0
1691 0
1692 0
1693 0
1694 0
1695 0
1696 1
1697 2
1698 0
1699 1
1700 0
1701 0
1702 0
1703 1
1704 2
1705 1
1706 0
1707 1
1708 1
1709 0
1710 1
1711 1
1712 0
1713 0
1714 2
1715 0
1716 3
1717 0
1718 1
1719 0
1720 0
1721 0
1722 0
1723 0
1724 1
1725 1
1726 2
1727 0
1728 0
1729 0
1730 3
1731 0
1732 0
1733 2
1734 0
1735 2
1736 2
1737 2
1738 1
1739 0
1740 0
1741 0
1742 0
1743 0
1744 2
1745 0
1746 3
1747 1
1748 1
1749 0
1750 0
1751 0
1752 3
1753 0
1754 0
1755 4
1756 0
1757 1
1758 0
1759 3
1760 1
1761 1
1762 0
1763 2
1764 0
1765 0
1766 0
1767 1
1768 0
1769 0
1770 0
1771 1
1772 0
1773 0
1774 1
1775 0
1776 2
1777 0
1778 2
1779 0
1780 0
1781 2
1782 0
1783 0
1784 1
1785 0
1786 1
1787 1
1788 0
1789 0
1790 0
1791 0
1792 0
1793 5
1794 0
1795 1
1796 1
1797 0
1798 0
1799 0
1800 1
1801 0
1802 0
1803 1
1804 0
1805 0
1806 0
1807 0
1808 0
1809 0
1810 2
1811 0
1812 0
1813 0
1814 0
1815 2
1816 0
1817 0
1818 0
1819 0
1820 1
1821 0
1822 0
1823 3
1824 0
1825 0
1826 0
1827 0
1828 0
1829 0
1830 0
1831 0
1832 0
1833 0
1834 4
1835 0
1836 1
1837 0
1838 1
1839 0
1840 0
1841 0
1842 0
1843 0
1844 1
1845 0
1846 0
1847 0
1848 1
1849 2
1850 2
1851 0
1852 0
1853 0
1854 2
1855 0
1856 0
1857 0
1858 0
1859 3
1860 0
1861 0
1862 0
1863 0
1864 0
1865 1
1866 0
1867 0
1868 1
1869 4
1870 2
1871 0
1872 0
1873 0
1874 0
1875 0
1876 0
1877 1
1878 0
1879 1
1880 0
1881 0
1882 0
1883 1
1884 0
1885 0
1886 1
1887 0
1888 0
1889 0
1890 1
1891 0
1892 0
1893 0
1894 4
1895 0
1896 0
1897 2
1898 1
1899 1
1900 0
1901 0
1902 0
1903 0
1904 0
1905 0
1906 0
1907 0
1908 0
1909 0
1910 0
1911 0
1912 0
1913 0
1914 0
1915 1
1916 0
1917 0
1918 0
1919 1
1920 0
1921 0
1922 0
1923 0
1924 0
1925 3
1926 4
1927 0
1928 0
1929 0
1930 1
1931 1
1932 0
1933 1
1934 0
1935 0
1936 0
1937 0
1938 0
1939 0
1940 0
1941 0
1942 0
1943 1
1944 2
1945 0
1946 0
1947 1
1948 3
1949 2
1950 0
1951 1
1952 0
1953 2
1954 0
1955 0
1956 0
1957 1
1958 0
1959 0
1960 0
1961 0
1962 0
1963 0
1964 0
1965 0
1966 0
1967 1
1968 0
1969 0
1970 0
1971 1
1972 0
1973 0
1974 0
1975 1
1976 0
1977 2
1978 0
1979 1
1980 1
1981 0
1982 0
1983 1
1984 1
1985 1
1986 1
1987 3
1988 0
1989 0
1990 1
1991 0
1992 0
1993 1
1994 0
1995 0
1996 0
1997 0
1998 0
1999 0
2000 0
2001 0
2002 1
2003 1
2004 2
2005 1
2006 0
2007 1
2008 0
2009 0
2010 0
2011 0
2012 0
2013 2
2014 0
2015 0
2016 1
2017 0
2018 1
2019 0
2020 1
2021 0
2022 0
2023 0
2024 2
2025 1
2026 1
2027 0
2028 2
2029 2
2030 0
2031 3
2032 0
2033 2
2034 1
2035 1
2036 0
2037 0
2038 1
2039 0
2040 3
2041 0
2042 4
2043 0
2044 1
2045 1
2046 0
2047 1
2048 1
2049 2
2050 3
2051 0
2052 0
2053 0
2054 1
2055 0
2056 0
2057 2
2058 0
2059 0
2060 0
2061 0
2062 2
2063 0
2064 0
2065 0
2066 0
2067 0
2068 0
2069 0
2070 2
2071 3
2072 0
2073 0
2074 1
2075 0
2076 0
2077 0
2078 0
2079 0
2080 3
2081 0
2082 0
2083 0
2084 2
2085 1
2086 0
2087 0
2088 0
2089 1
2090 0
2091 0
2092 1
2093 4
2094 1
2095 0
2096 2
2097 0
2098 0
2099 2
2100 0
2101 0
2102 1
2103 0
2104 1
2105 0
2106 2
2107 2
2108 0
2109 1
2110 0
2111 1
2112 0
2113 2
2114 0
2115 1
2116 1
2117 2
2118 0
2119 0
2120 0
2121 0
2122 1
2123 0
2124 0
2125 0
2126 1
2127 0
2128 2
2129 0
2130 0
2131 0
2132 0
2133 0
2134 0
2135 1
2136 0
2137 1
2138 0
2139 1
2140 0
2141 1
2142 0
2143 0
2144 0
2145 0
2146 1
2147 0
2148 0
2149 0
2150 0
2151 1
2152 0
2153 0
2154 0
2155 0
2156 2
2157 0
2158 0
2159 0
2160 0
2161 0
2162 0
2163 0
2164 0
2165 0
2166 0
2167 0
2168 0
2169 1
2170 0
2171 1
2172 0
2173 0
2174 0
2175 0
2176 0
2177 0
2178 0
2179 0
2180 0
2181 0
2182 1
2183 0
2184 1
2185 0
2186 0
2187 1
2188 0
2189 1
2190 0
2191 0
2192 1
2193 0
2194 1
2195 1
2196 0
2197 1
2198 0
2199 0
2200 1
2201 1
2202 0
2203 0
2204 0
2205 1
2206 0
2207 0
2208 5
2209 1
2210 0
2211 0
2212 0
2213 0
2214 4
2215 0
2216 0
2217 0
2218 0
2219 1
2220 0
2221 0
2222 1
2223 0
2224 3
2225 2
2226 0
2227 0
2228 0
2229 3
2230 0
2231 1
2232 0
2233 0
2234 0
2235 1
2236 0
2237 0
2238 0
2239 0
2240 1
2241 0
2242 0
2243 1
2244 0
2245 2
2246 0
2247 0
2248 1
2249 1
2250 0
2251 1
2252 0
2253 0
2254 0
2255 0
2256 1
2257 0
2258 0
2259 0
2260 0
2261 3
2262 0
2263 2
2264 0
2265 1
2266 0
2267 0
2268 0
2269 0
2270 0
2271 0
2272 0
2273 1
2274 1
2275 0
2276 1
2277 0
2278 1
2279 0
2280 0
2281 2
2282 0
2283 2
2284 2
2285 0
2286 0
2287 0
2288 2
2289 1
2290 3
2291 0
2292 0
2293 1
2294 1
2295 1
2296 1
2297 1
2298 0
2299 0
2300 1
2301 1
2302 1
2303 0
2304 3
2305 3
2306 0
2307 0
2308 0
2309 0
2310 0
2311 1
2312 0
2313 0
2314 0
2315 1
2316 2
2317 0
2318 2
2319 0
2320 0
2321 0
2322 0
2323 1
2324 0
2325 0
2326 0
2327 1
2328 0
2329 1
2330 0
2331 3
2332 0
2333 0
2334 1
2335 0
2336 0
2337 0
2338 0
2339 0
2340 2
2341 0
2342 0
2343 0
2344 1
2345 0
2346 0
2347 0
2348 0
2349 1
2350 0
2351 3
2352 1
2353 1
2354 0
2355 1
2356 1
2357 2
2358 0
2359 0
2360 1
2361 0
2362 1
2363 5
2364 0
2365 0
2366 0
2367 1
2368 1
2369 0
2370 0
2371 0
2372 0
2373 3
2374 0
2375 2
2376 0
2377 0
2378 0
2379 1
2380 0
2381 0
2382 0
2383 1
2384 1
2385 2
2386 1
2387 0
2388 0
2389 1
2390 0
2391 1
2392 0
2393 3
2394 1
2395 0
2396 0
2397 0
2398 1
2399 0
2400 0
2401 3
2402 0
2403 0
2404 4
2405 0
2406 0
2407 0
2408 1
2409 1
2410 4
2411 0
2412 2
2413 0
2414 0
2415 0
2416 0
2417 0
2418 1
2419 0
2420 0
2421 1
2422 0
2423 0
2424 0
2425 2
2426 0
2427 1
2428 0
2429 3
2430 0
2431 0
2432 0
2433 1
2434 0
2435 0
2436 0
2437 0
2438 0
2439 0
2440 0
2441 1
2442 1
2443 2
2444 3
2445 0
2446 0
2447 0
2448 1
2449 1
2450 2
2451 0
2452 0
2453 0
2454 0
2455 0
2456 1
2457 0
2458 0
2459 0
2460 0
2461 0
2462 0
2463 0
2464 0
2465 0
2466 0
2467 4
2468 1
2469 1
2470 0
2471 2
2472 2
2473 1
2474 0
2475 0
2476 0
2477 0
2478 0
2479 2
2480 0
2481 1
2482 0
2483 2
2484 0
2485 1
2486 0
2487 2
2488 0
2489 0
2490 0
2491 1
2492 0
2493 1
2494 0
2495 0
2496 1
2497 0
2498 0
2499 0
2500 0
2501 0
2502 0
2503 1
2504 0
2505 0
2506 0
2507 2
2508 0
2509 0
2510 0
2511 1
2512 3
2513 0
2514 0
2515 0
2516 0
2517 2
2518 2
2519 0
2520 0
2521 0
2522 0
2523 0
2524 0
2525 0
2526 2
2527 0
2528 3
2529 0
2530 4
2531 0
2532 0
2533 1
2534 0
2535 0
2536 0
2537 2
2538 0
2539 0
2540 0
2541 0
2542 1
2543 0
2544 1
2545 2
2546 2
2547 0
2548 0
2549 0
2550 0
2551 0
2552 0
2553 0
2554 0
2555 1
2556 1
2557 0
2558 0
2559 0
2560 0
2561 0
2562 1
2563 0
2564 0
2565 2
2566 0
2567 0
2568 0
2569 0
2570 0
2571 0
2572 0
2573 0
2574 0
2575 0
2576 1
2577 0
2578 0
2579 0
2580 0
2581 0
2582 1
2583 0
2584 0
2585 1
2586 3
2587 0
2588 1
2589 0
2590 0
2591 3
2592 0
2593 1
2594 1
2595 0
2596 0
2597 1
2598 1
2599 0
2600 0
2601 0
2602 0
2603 0
2604 0
2605 1
2606 3
2607 0
2608 0
2609 1
2610 0
2611 0
2612 5
2613 0
2614 0
2615 0
2616 0
2617 0
2618 2
2619 4
2620 0
2621 3
2622 1
2623 1
2624 3
2625 2
2626 2
2627 3
2628 0
2629 0
2630 0
2631 0
2632 0
2633 1
2634 0
2635 0
2636 0
2637 0
2638 0
2639 0
2640 1
2641 0
2642 0
2643 0
2644 0
2645 1
2646 1
2647 1
2648 0
2649 0
2650 1
2651 0
2652 1
2653 1
2654 2
2655 0
2656 0
2657 0
2658 0
2659 0
2660 0
2661 0
2662 0
2663 0
2664 0
2665 1
2666 3
2667 0
2668 1
2669 1
2670 0
2671 2
2672 0
2673 1
2674 0
2675 0
2676 0
2677 0
2678 0
2679 0
2680 0
2681 0
2682 0
2683 1
2684 0
2685 0
2686 0
2687 0
2688 0
2689 0
2690 0
2691 0
2692 0
2693 0
2694 0
2695 2
2696 0
2697 0
2698 0
2699 2
2700 1
2701 0
2702 0
2703 0
2704 1
2705 1
2706 0
2707 0
2708 1
2709 0
2710 0
2711 0
2712 1
2713 0
2714 0
2715 1
2716 0
2717 0
2718 0
2719 0
2720 0
2721 0
2722 0
2723 0
2724 0
2725 1
2726 0
2727 2
2728 0
2729 0
2730 0
2731 0
2732 0
2733 0
2734 2
2735 0
2736 0
2737 0
2738 2
2739 0
2740 1
2741 3
2742 0
2743 2
2744 1
2745 0
2746 1
2747 0
2748 0
2749 1
2750 0
2751 0
2752 0
2753 0
2754 0
2755 1
2756 2
2757 0
2758 0
2759 0
2760 0
2761 0
2762 0
2763 0
2764 0
2765 1
2766 0
2767 0
2768 0
2769 2
2770 0
2771 0
2772 0
2773 0
2774 0
2775 0
2776 2
2777 0
2778 0
2779 0
2780 0
2781 1
2782 1
2783 0
2784 0
2785 0
2786 1
2787 0
2788 4
2789 1
2790 0
2791 0
2792 0
2793 0
2794 0
2795 0
2796 0
2797 0
2798 0
2799 1
2800 1
2801 0
2802 2
2803 0
2804 0
2805 1
2806 0
2807 0
2808 3
2809 1
2810 0
2811 1
2812 0
2813 0
2814 0
2815 0
2816 2
2817 0
2818 0
2819 1
2820 0
2821 0
2822 0
2823 0
2824 1
2825 2
2826 0
2827 0
2828 0
2829 0
2830 1
2831 0
2832 0
2833 1
2834 1
2835 1
2836 0
2837 0
2838 0
2839 3
2840 0
2841 0
2842 0
2843 1
2844 0
2845 2
2846 0
2847 0
2848 0
2849 1
2850 1
2851 0
2852 0
2853 1
2854 0
2855 0
2856 0
2857 0
2858 1
2859 0
2860 0
2861 0
2862 0
2863 2
2864 0
2865 0
2866 0
2867 0
2868 1
2869 0
2870 0
2871 0
2872 0
2873 0
2874 1
2875 0
2876 0
2877 0
2878 0
2879 0
2880 2
2881 1
2882 2
2883 1
2884 0
2885 0
2886 0
2887 1
2888 0
2889 0
2890 0
2891 0
2892 0
2893 0
2894 0
2895 0
2896 0
2897 0
2898 0
2899 0
2900 0
2901 0
2902 0
2903 0
2904 1
2905 1
2906 1
2907 0
2908 0
2909 2
2910 0
2911 2
2912 0
2913 0
2914 0
2915 0
2916 0
2917 0
2918 0
2919 1
2920 0
2921 0
2922 1
2923 0
2924 1
2925 0
2926 0
2927 1
2928 0
2929 0
2930 0
2931 0
2932 0
2933 0
2934 0
2935 0
2936 2
2937 1
2938 0
2939 0
2940 0
2941 0
2942 3
2943 1
2944 0
2945 0
2946 0
2947 1
2948 0
2949 0
2950 0
2951 0
2952 2
2953 0
2954 0
2955 0
2956 3
2957 0
2958 0
2959 0
2960 2
2961 0
2962 1
2963 0
2964 0
2965 0
2966 0
2967 0
2968 1
2969 0
2970 0
2971 2
2972 0
2973 1
2974 0
2975 0
2976 1
2977 0
2978 2
2979 0
2980 1
2981 6
2982 0
2983 1
2984 0
2985 0
2986 1
2987 0
2988 0
2989 0
2990 0
2991 0
2992 0
2993 1
2994 0
2995 1
2996 0
2997 0
2998 0
2999 1
3000 1
3001 0
3002 0
3003 0
3004 0
3005 0
3006 0
3007 0
3008 0
3009 1
3010 0
3011 4
3012 0
3013 0
3014 0
3015 0
3016 0
3017 0
3018 0
3019 0
3020 0
3021 0
3022 0
3023 0
3024 2
3025 0
3026 0
3027 0
3028 0
3029 0
3030 0
3031 1
3032 0
3033 0
3034 0
3035 1
3036 0
3037 0
3038 0
3039 0
3040 0
3041 0
3042 0
3043 0
3044 1
3045 0
3046 0
3047 0
3048 0
3049 0
3050 0
3051 2
3052 3
3053 0
3054 1
3055 0
3056 0
3057 0
3058 1
3059 0
3060 0
3061 0
3062 0
3063 1
3064 1
3065 2
3066 0
3067 0
3068 3
3069 4
3070 0
3071 0
3072 0
3073 0
3074 0
3075 1
3076 0
3077 0
3078 0
3079 0
3080 1
3081 0
3082 0
3083 1
3084 0
3085 1
3086 0
3087 0
3088 0
3089 2
3090 1
3091 0
3092 0
3093 1
3094 0
3095 0
3096 0
3097 0
3098 2
3099 1
3100 1
3101 0
3102 0
3103 0
3104 0
3105 0
3106 0
3107 0
3108 0
3109 0
3110 0
3111 0
3112 0
3113 0
3114 1
3115 1
3116 0
3117 4
3118 0
3119 0
3120 0
3121 0
3122 0
3123 1
3124 1
3125 0
3126 1
3127 0
3128 2
3129 0
3130 0
3131 0
3132 0
3133 2
3134 0
3135 0
3136 0
3137 1
3138 0
3139 0
3140 0
3141 0
3142 0
3143 2
3144 0
3145 3
3146 0
3147 0
3148 0
3149 0
3150 0
3151 1
3152 1
3153 0
3154 0
3155 1
3156 0
3157 0
3158 0
3159 0
3160 0
3161 3
3162 0
3163 0
3164 0
3165 1
3166 0
3167 0
3168 0
3169 0
3170 3
3171 0
3172 0
3173 0
3174 0
3175 2
3176 0
3177 2
3178 2
3179 1
3180 0
3181 0
3182 0
3183 0
3184 1
3185 2
3186 0
3187 0
3188 0
3189 0
3190 0
3191 0
3192 2
3193 0
3194 1
3195 0
3196 0
3197 0
3198 1
3199 3
3200 0
3201 1
3202 0
3203 0
3204 1
3205 0
3206 0
3207 0
3208 2
3209 0
3210 1
3211 0
3212 0
3213 0
3214 1
3215 0
3216 0
3217 0
3218 0
3219 0
3220 0
3221 0
3222 0
3223 0
3224 0
3225 1
3226 0
3227 1
3228 0
3229 3
3230 0
3231 0
3232 0
3233 0
3234 1
3235 1
3236 0
3237 0
3238 2
3239 0
3240 0
3241 1
3242 0
3243 0
3244 1
3245 0
3246 0
3247 0
3248 0
3249 0
3250 0
3251 3
3252 0
3253 1
3254 1
3255 0
3256 3
3257 0
3258 0
3259 0
3260 0
3261 0
3262 0
3263 0
3264 0
3265 0
3266 0
3267 1
3268 0
3269 1
3270 0
3271 0
3272 0
3273 0
3274 1
3275 0
3276 1
3277 2
3278 3
3279 0
3280 2
3281 0
3282 1
3283 0
3284 0
3285 1
3286 0
3287 1
3288 0
3289 0
3290 0
3291 1
3292 0
3293 1
3294 1
3295 1
3296 0
3297 1
3298 0
3299 0
3300 0
3301 0
3302 0
3303 2
3304 1
3305 0
3306 0
3307 0
3308 0
3309 0
3310 0
3311 0
3312 0
3313 0
3314 0
3315 0
3316 1
3317 0
3318 1
3319 2
3320 2
3321 0
3322 0
3323 2
3324 0
3325 1
3326 0
3327 0
3328 0
3329 0
3330 0
3331 0
3332 0
3333 0
3334 0
3335 0
3336 0
3337 1
3338 0
3339 0
3340 0
3341 0
3342 2
3343 0
3344 1
3345 0
3346 0
3347 1
3348 0
3349 0
3350 0
3351 1
3352 0
3353 0
3354 1
3355 0
3356 0
3357 0
3358 1
3359 0
3360 0
3361 1
3362 0
3363 0
3364 0
3365 2
3366 0
3367 0
3368 0
3369 0
3370 0
3371 2
3372 0
3373 0
3374 0
3375 1
3376 1
3377 0
3378 0
3379 1
3380 0
3381 1
3382 1
3383 0
3384 2
3385 0
3386 0
3387 0
3388 0
3389 0
3390 3
3391 0
3392 0
3393 3
3394 0
3395 0
3396 0
3397 0
3398 0
3399 0
3400 1
3401 0
3402 2
3403 0
3404 0
3405 0
3406 0
3407 0
3408 1
3409 0
3410 1
3411 0
3412 0
3413 0
3414 0
3415 1
3416 0
3417 1
3418 0
3419 2
3420 2
3421 1
3422 0
3423 0
3424 1
3425 0
3426 0
3427 2
3428 0
3429 0
3430 0
3431 0
3432 0
3433 1
3434 0
3435 1
3436 0
3437 0
3438 0
3439 0
3440 0
3441 0
3442 0
3443 0
3444 0
3445 1
3446 0
3447 0
3448 1
3449 0
3450 0
3451 1
3452 0
3453 0
3454 3
3455 0
3456 1
3457 0
3458 1
3459 2
3460 0
3461 1
3462 0
3463 0
3464 0
3465 0
3466 0
3467 0
3468 0
3469 1
3470 1
3471 3
3472 0
3473 2
3474 0
3475 0
3476 1
3477 0
3478 0
3479 2
3480 1
3481 0
3482 0
3483 2
3484 0
3485 0
3486 0
3487 0
3488 0
3489 0
3490 0
3491 0
3492 1
3493 0
3494 0
3495 0
3496 2
3497 1
3498 0
3499 0
3500 0
3501 0
3502 0
3503 0
3504 0
3505 0
3506 0
3507 0
3508 1
3509 0
3510 0
3511 1
3512 2
3513 0
3514 3
3515 1
3516 0
3517 1
3518 1
3519 1
3520 0
3521 0
3522 0
3523 0
3524 0
3525 0
3526 3
3527 0
3528 0
3529 2
3530 0
3531 3
3532 0
3533 1
3534 0
3535 0
3536 0
3537 0
3538 0
3539 4
3540 0
3541 0
3542 2
3543 1
3544 0
3545 1
3546 0
3547 0
3548 1
3549 0
3550 1
3551 0
3552 0
3553 1
3554 0
3555 1
3556 0
3557 1
3558 0
3559 2
3560 2
3561 1
3562 0
3563 1
3564 0
3565 1
3566 0
3567 1
3568 0
3569 0
3570 1
3571 0
3572 0
3573 0
3574 0
3575 0
3576 0
3577 1
3578 0
3579 1
3580 4
3581 1
3582 0
3583 0
3584 2
3585 0
3586 0
3587 0
3588 0
3589 0
3590 0
3591 1
3592 0
3593 0
3594 0
3595 0
3596 1
3597 0
3598 0
3599 0
3600 1
3601 2
3602 0
3603 1
3604 0
3605 0
3606 1
3607 0
3608 0
3609 2
3610 0
3611 1
3612 1
3613 0
3614 3
3615 0
3616 1
3617 0
3618 2
3619 0
3620 0
3621 0
3622 0
3623 0
3624 0
3625 0
3626 0
3627 2
3628 2
3629 0
3630 0
3631 0
3632 0
3633 0
3634 1
3635 0
3636 0
3637 0
3638 0
3639 0
3640 1
3641 0
3642 0
3643 0
3644 2
3645 0
3646 1
3647 1
3648 0
3649 2
3650 0
3651 0
3652 1
3653 0
3654 0
3655 0
3656 0
3657 0
3658 1
3659 0
3660 0
3661 1
3662 0
3663 1
3664 0
3665 0
3666 0
3667 0
3668 0
3669 0
3670 2
3671 1
3672 0
3673 0
3674 0
3675 0
3676 2
3677 1
3678 0
3679 0
3680 1
3681 0
3682 0
3683 0
3684 0
3685 0
3686 0
3687 0
3688 1
3689 2
3690 0
3691 0
3692 1
3693 1
3694 0
3695 1
3696 0
3697 0
3698 0
3699 0
3700 0
3701 1
3702 0
3703 1
3704 2
3705 1
3706 0
3707 1
3708 0
3709 0
3710 0
3711 0
3712 0
3713 1
3714 1
3715 1
3716 0
3717 0
3718 0
3719 1
3720 0
3721 2
3722 1
3723 2
3724 0
3725 0
3726 0
3727 1
3728 2
3729 0
3730 0
3731 0
3732 1
3733 0
3734 0
3735 0
3736 0
3737 0
3738 2
3739 0
3740 1
3741 1
3742 0
3743 0
3744 0
3745 0
3746 1
3747 0
3748 0
3749 2
3750 0
3751 0
3752 2
3753 1
3754 0
3755 0
3756 0
3757 0
3758 1
3759 1
3760 4
3761 0
3762 0
3763 0
3764 0
3765 1
3766 0
3767 0
3768 0
3769 0
3770 0
3771 1
3772 0
3773 1
3774 0
3775 0
3776 1
3777 0
3778 0
3779 0
3780 0
3781 1
3782 0
3783 0
3784 0
3785 0
3786 1
3787 0
3788 1
3789 0
3790 1
3791 2
3792 0
3793 0
3794 0
3795 2
3796 0
3797 0
3798 0
3799 0
3800 0
3801 0
3802 1
3803 0
3804 0
3805 3
3806 1
3807 0
3808 0
3809 0
3810 0
3811 0
3812 0
3813 1
3814 1
3815 0
3816 0
3817 1
3818 4
3819 0
3820 1
3821 0
3822 0
3823 0
3824 0
3825 0
3826 1
3827 0
3828 0
3829 1
3830 0
3831 0
3832 0
3833 3
3834 0
3835 0
3836 0
3837 1
3838 0
3839 0
3840 1
3841 5
3842 0
3843 0
3844 0
3845 0
3846 1
3847 0
3848 0
3849 0
3850 0
3851 0
3852 2
3853 0
3854 0
3855 0
3856 0
3857 0
3858 1
3859 0
3860 1
3861 0
3862 0
3863 0
3864 0
3865 0
3866 0
3867 0
3868 0
3869 0
3870 0
3871 0
3872 1
3873 0
3874 0
3875 2
3876 0
3877 0
3878 1
3879 0
3880 0
3881 0
3882 0
3883 3
3884 0
3885 0
3886 1
3887 0
3888 0
3889 1
3890 0
3891 0
3892 0
3893 0
3894 0
3895 1
3896 0
3897 0
3898 0
3899 0
3900 1
3901 2
3902 0
3903 2
3904 0
3905 1
3906 2
3907 1
3908 0
3909 0
3910 0
3911 0
3912 0
3913 0
3914 0
3915 0
3916 0
3917 0
3918 0
3919 0
3920 0
3921 0
3922 0
3923 1
3924 1
3925 0
3926 1
3927 1
3928 0
3929 1
3930 1
3931 1
3932 0
3933 0
3934 0
3935 0
3936 0
3937 0
3938 0
3939 0
3940 1
3941 1
3942 0
3943 0
3944 3
3945 0
3946 0
3947 0
3948 0
3949 0
3950 2
3951 0
3952 0
3953 1
3954 2
3955 0
3956 0
3957 0
3958 1
3959 0
3960 0
3961 0
3962 1
3963 1
3964 0
3965 0
3966 0
3967 0
3968 0
3969 0
3970 1
3971 1
3972 1
3973 0
3974 0
3975 0
3976 0
3977 0
3978 0
3979 0
3980 0
3981 1
3982 1
3983 1
3984 0
3985 1
3986 1
3987 0
3988 0
3989 1
3990 3
3991 0
3992 0
3993 0
3994 0
3995 3
3996 1
3997 1
3998 0
3999 2
4000 1
4001 1
4002 0
4003 0
4004 0
4005 0
4006 0
4007 0
4008 0
4009 0
4010 0
4011 0
4012 0
4013 0
4014 0
4015 0
4016 1
4017 0
4018 1
4019 2
4020 2
4021 0
4022 2
4023 0
4024 0
4025 0
4026 0
4027 3
4028 0
4029 1
4030 2
4031 0
4032 0
4033 0
4034 1
4035 0
4036 0
4037 1
4038 0
4039 0
4040 0
4041 0
4042 2
4043 1
4044 0
4045 0
4046 0
4047 2
4048 1
4049 0
4050 1
4051 0
4052 0
4053 0
4054 0
4055 0
4056 1
4057 0
4058 1
4059 0
4060 3
4061 2
4062 1
4063 1
4064 2
4065 1
4066 0
4067 0
4068 0
4069 0
4070 0
4071 0
4072 0
4073 0
4074 0
4075 1
4076 0
4077 0
4078 0
4079 0
4080 0
4081 0
4082 2
4083 3
4084 0
4085 0
4086 0
4087 1
4088 0
4089 0
4090 0
4091 0
4092 0
4093 0
4094 0
4095 0
4096 1
4097 0
4098 1
4099 0
4100 0
4101 1
4102 3
4103 0
4104 0
4105 0
4106 0
4107 1
4108 0
4109 0
4110 1
4111 0
4112 0
4113 1
4114 0
4115 0
4116 1
4117 0
4118 1
4119 1
4120 0
4121 0
4122 0
4123 0
4124 0
4125 0
4126 0
4127 0
4128 0
4129 0
4130 0
4131 2
4132 1
4133 1
4134 1
4135 0
4136 0
4137 1
4138 0
4139 0
4140 0
4141 1
4142 0
4143 0
4144 0
4145 0
4146 0
4147 0
4148 1
4149 0
4150 0
4151 0
4152 0
4153 0
4154 0
4155 0
4156 0
4157 0
4158 0
4159 0
4160 0
4161 0
4162 0
4163 0
4164 0
4165 0
4166 0
4167 0
4168 0
4169 3
4170 0
4171 0
4172 1
4173 1
4174 2
4175 1
4176 0
4177 1
4178 0
4179 0
4180 1
4181 0
4182 3
4183 0
4184 0
4185 0
4186 0
4187 0
4188 0
4189 0
4190 1
4191 1
4192 0
4193 0
4194 1
4195 0
4196 0
4197 0
4198 1
4199 0
4200 0
4201 0
4202 0
4203 0
4204 3
4205 0
4206 1
4207 0
4208 2
4209 2
4210 0
4211 0
4212 0
4213 0
4214 1
4215 0
4216 1
4217 0
4218 2
4219 0
4220 0
4221 0
4222 2
4223 0
4224 1
4225 0
4226 1
4227 0
4228 1
4229 0
4230 0
4231 0
4232 2
4233 0
4234 0
4235 0
4236 0
4237 1
4238 0
4239 0
4240 0
4241 0
4242 3
4243 0
4244 0
4245 0
4246 0
4247 0
4248 0
4249 1
4250 0
4251 0
4252 0
4253 1
4254 1
4255 2
4256 0
4257 0
4258 0
4259 0
4260 2
4261 0
4262 0
4263 1
4264 0
4265 0
4266 0
4267 0
4268 3
4269 3
4270 0
4271 0
4272 0
4273 0
4274 0
4275 3
4276 0
4277 0
4278 0
4279 0
4280 0
4281 0
4282 0
4283 2
4284 0
4285 0
4286 0
4287 2
4288 0
4289 2
4290 0
4291 0
4292 0
4293 0
4294 0
4295 1
4296 0
4297 1
4298 1
4299 2
4300 0
4301 0
4302 0
4303 1
4304 0
4305 1
4306 0
4307 0
4308 0
4309 0
4310 0
4311 2
4312 0
4313 0
4314 1
4315 0
4316 0
4317 0
4318 0
4319 0
4320 1
4321 0
4322 0
4323 0
4324 0
4325 1
4326 0
4327 0
4328 1
4329 1
4330 1
4331 0
4332 0
4333 0
4334 0
4335 0
4336 0
4337 0
4338 0
4339 1
4340 0
4341 0
4342 0
4343 0
4344 3
4345 0
4346 0
4347 0
4348 0
4349 0
4350 0
4351 2
4352 1
4353 0
4354 0
4355 0
4356 0
4357 0
4358 0
4359 0
4360 0
4361 0
4362 0
4363 0
4364 0
4365 0
4366 2
4367 0
4368 0
4369 0
4370 0
4371 0
4372 1
4373 0
4374 0
4375 0
4376 0
4377 1
4378 0
4379 0
4380 0
4381 2
4382 0
4383 1
4384 1
4385 1
4386 0
4387 0
4388 0
4389 0
4390 1
4391 0
4392 0
4393 0
4394 1
4395 0
4396 0
4397 1
4398 0
4399 0
4400 0
4401 0
4402 0
4403 2
4404 0
4405 0
4406 0
4407 0
4408 2
4409 1
4410 0
4411 0
4412 0
4413 1
4414 0
4415 0
4416 1
4417 2
4418 0
4419 0
4420 0
4421 0
4422 0
4423 1
4424 0
4425 0
4426 0
4427 0
4428 0
4429 0
4430 0
4431 0
4432 0
4433 0
4434 1
4435 0
4436 0
4437 0
4438 3
4439 0
4440 1
4441 2
4442 1
4443 0
4444 2
4445 0
4446 0
4447 0
4448 1
4449 0
4450 0
4451 0
4452 0
4453 2
4454 0
4455 0
4456 1
4457 0
4458 0
4459 1
4460 0
4461 0
4462 0
4463 0
4464 1
4465 0
4466 1
4467 1
4468 0
4469 0
4470 0
4471 0
4472 1
4473 0
4474 0
4475 1
4476 2
4477 0
4478 1
4479 0
4480 0
4481 0
4482 0
4483 0
4484 0
4485 0
4486 0
4487 0
4488 0
4489 1
4490 0
4491 0
4492 0
4493 2
4494 0
4495 2
4496 0
4497 0
4498 1
4499 2
4500 1
4501 0
4502 0
4503 0
4504 1
4505 0
4506 0
4507 0
4508 0
4509 0
4510 0
4511 0
4512 0
4513 2
4514 1
4515 0
4516 0
4517 0
4518 1
4519 0
4520 0
4521 2
4522 0
4523 0
4524 0
4525 0
4526 0
4527 0
4528 0
4529 2
4530 1
4531 1
4532 2
4533 0
4534 2
4535 0
4536 0
4537 0
4538 0
4539 0
4540 0
4541 1
4542 0
4543 1
4544 0
4545 0
4546 2
4547 0
4548 0
4549 1
4550 1
4551 1
4552 0
4553 1
4554 2
4555 0
4556 0
4557 0
4558 0
4559 2
4560 0
4561 2
4562 0
4563 2
4564 0
4565 0
4566 1
4567 0
4568 0
4569 0
4570 1
4571 3
4572 2
4573 0
4574 0
4575 0
4576 0
4577 0
4578 0
4579 0
4580 1
4581 1
4582 0
4583 0
4584 0
4585 0
4586 0
4587 0
4588 0
4589 0
4590 3
4591 1
4592 0
4593 1
4594 1
4595 0
4596 0
4597 0
4598 2
4599 1
4600 0
4601 0
4602 0
4603 0
4604 0
4605 0
4606 1
4607 2
4608 2
4609 0
4610 1
4611 0
4612 0
4613 1
4614 0
4615 0
4616 2
4617 1
4618 3
4619 0
4620 0
4621 0
4622 0
4623 2
4624 0
4625 1
4626 0
4627 0
4628 0
4629 0
4630 0
4631 0
4632 0
4633 0
4634 0
4635 1
4636 1
4637 0
4638 2
4639 0
4640 1
4641 0
4642 1
4643 0
4644 1
4645 2
4646 2
4647 3
4648 0
4649 1
4650 0
4651 1
4652 0
4653 1
4654 1
4655 0
4656 0
4657 2
4658 0
4659 0
4660 0
4661 1
4662 0
4663 0
4664 0
4665 0
4666 0
4667 1
4668 0
4669 0
4670 0
4671 0
4672 1
4673 0
4674 1
4675 0
4676 0
4677 1
4678 5
4679 0
4680 5
4681 0
4682 1
4683 0
4684 0
4685 0
4686 0
4687 0
4688 0
4689 0
4690 0
4691 2
4692 0
4693 0
4694 0
4695 0
4696 0
4697 0
4698 2
4699 0
4700 0
4701 0
4702 0
4703 3
4704 0
4705 2
4706 1
4707 0
4708 0
4709 0
4710 0
4711 0
4712 0
4713 2
4714 0
4715 0
4716 1
4717 0
4718 0
4719 2
4720 2
4721 1
4722 0
4723 0
4724 0
4725 2
4726 0
4727 0
4728 0
4729 0
4730 1
4731 1
4732 1
4733 0
4734 0
4735 3
4736 1
4737 0
4738 0
4739 3
4740 0
4741 2
4742 0
4743 1
4744 0
4745 0
4746 4
4747 0
4748 0
4749 3
4750 0
4751 0
4752 0
4753 1
4754 0
4755 0
4756 0
4757 2
4758 0
4759 0
4760 0
4761 1
4762 0
4763 0
4764 0
4765 0
4766 2
4767 0
4768 0
4769 3
4770 0
4771 0
4772 1
4773 0
4774 1
4775 0
4776 3
4777 0
4778 1
4779 0
4780 0
4781 1
4782 0
4783 0
4784 0
4785 0
4786 0
4787 0
4788 1
4789 0
4790 0
4791 0
4792 0
4793 0
4794 0
4795 0
4796 0
4797 0
4798 0
4799 0
4800 0
4801 1
4802 2
4803 0
4804 0
4805 1
4806 0
4807 2
4808 0
4809 0
4810 0
4811 0
4812 0
4813 0
4814 0
4815 0
4816 2
4817 0
4818 0
4819 0
4820 0
4821 2
4822 0
4823 3
4824 0
4825 0
4826 0
4827 1
4828 0
4829 0
4830 0
4831 0
4832 0
4833 0
4834 0
4835 0
4836 0
4837 0
4838 0
4839 0
4840 0
4841 0
4842 0
4843 0
4844 1
4845 1
4846 0
4847 0
4848 0
4849 2
4850 1
4851 2
4852 0
4853 0
4854 0
4855 0
4856 0
4857 0
4858 0
4859 0
4860 2
4861 2
4862 1
4863 0
4864 1
4865 0
4866 0
4867 0
4868 1
4869 0
4870 1
4871 2
4872 0
4873 1
4874 0
4875 1
4876 0
4877 0
4878 0
4879 0
4880 2
4881 0
4882 1
4883 0
4884 0
4885 1
4886 0
4887 0
4888 0
4889 1
4890 0
4891 0
4892 0
4893 3
4894 0
4895 0
4896 1
4897 1
4898 1
4899 0
4900 0
4901 1
4902 0
4903 0
4904 2
4905 0
4906 0
4907 0
4908 3
4909 0
4910 1
4911 0
4912 0
4913 0
4914 0
4915 0
4916 0
4917 1
4918 0
4919 1
4920 2
4921 1
4922 0
4923 0
4924 0
4925 0
4926 1
4927 0
4928 0
4929 2
4930 1
4931 2
4932 0
4933 0
4934 1
4935 1
4936 0
4937 0
4938 0
4939 0
4940 0
4941 0
4942 0
4943 1
4944 1
4945 0
4946 0
4947 0
4948 0
4949 2
4950 0
4951 1
4952 0
4953 0
4954 0
4955 0
4956 0
4957 0
4958 0
4959 1
4960 1
4961 0
4962 0
4963 1
4964 2
4965 0
4966 0
4967 0
4968 0
4969 2
4970 0
4971 0
4972 1
4973 0
4974 2
4975 0
4976 0
4977 0
4978 1
4979 0
4980 3
4981 0
4982 2
4983 0
4984 0
4985 0
4986 0
4987 0
4988 0
4989 1
4990 0
4991 0
4992 0
4993 0
4994 0
4995 0
4996 3
4997 1
4998 0
4999 0
5000 0
5001 0
5002 0
5003 0
5004 0
5005 0
5006 0
5007 0
5008 1
5009 1
5010 0
5011 0
5012 0
5013 1
5014 0
5015 0
5016 0
5017 0
5018 1
5019 0
5020 0
5021 1
5022 0
5023 0
5024 0
5025 0
5026 0
5027 0
5028 0
5029 0
5030 0
5031 0
5032 1
5033 0
5034 1
5035 1
5036 2
5037 0
5038 1
5039 2
5040 0
5041 0
5042 0
5043 0
5044 0
5045 5
5046 0
5047 0
5048 0
5049 0
5050 0
5051 0
5052 2
5053 2
5054 0
5055 1
5056 0
5057 4
5058 0
5059 0
5060 0
5061 0
5062 0
5063 0
5064 0
5065 0
5066 0
5067 0
5068 0
5069 3
5070 0
5071 2
5072 0
5073 0
5074 0
5075 0
5076 1
5077 0
5078 1
5079 0
5080 0
5081 1
5082 0
5083 0
5084 0
5085 1
5086 0
5087 0
5088 0
5089 0
5090 1
5091 0
5092 0
5093 1
5094 1
5095 0
5096 1
5097 0
5098 1
5099 1
5100 0
5101 0
5102 0
5103 0
5104 2
5105 0
5106 0
5107 0
5108 1
5109 0
5110 1
5111 3
5112 0
5113 1
5114 1
5115 1
5116 0
5117 0
5118 0
5119 0
5120 0
5121 0
5122 1
5123 0
5124 1
5125 0
5126 0
5127 1
5128 0
5129 0
5130 0
5131 4
5132 0
5133 1
5134 0
5135 0
5136 0
5137 0
5138 0
5139 0
5140 0
5141 1
5142 0
5143 0
5144 1
5145 0
5146 0
5147 0
5148 0
5149 0
5150 0
5151 2
5152 0
5153 0
5154 2
5155 0
5156 2
5157 4
5158 1
5159 0
5160 0
5161 3
5162 0
5163 0
5164 0
5165 0
5166 0
5167 2
5168 0
5169 0
5170 3
5171 0
5172 0
5173 0
5174 4
5175 0
5176 0
5177 0
5178 0
5179 2
5180 0
5181 0
5182 0
5183 1
5184 0
5185 0
5186 0
5187 1
5188 0
5189 0
5190 0
5191 2
5192 0
5193 2
5194 0
5195 2
5196 0
5197 0
5198 0
5199 0
5200 0
5201 0
5202 2
5203 0
5204 3
5205 0
5206 0
5207 0
5208 0
5209 0
5210 0
5211 0
5212 0
5213 0
5214 1
5215 0
5216 0
5217 0
5218 0
5219 0
5220 0
5221 0
5222 0
5223 0
5224 0
5225 0
5226 0
5227 4
5228 0
5229 0
5230 0
5231 1
5232 1
5233 1
5234 1
5235 1
5236 0
5237 2
5238 0
5239 0
5240 3
5241 0
5242 0
5243 0
5244 0
5245 2
5246 3
5247 0
5248 0
5249 0
5250 0
5251 0
5252 0
5253 1
5254 1
5255 2
5256 3
5257 0
5258 3
5259 0
5260 0
5261 3
5262 0
5263 0
5264 0
5265 0
5266 0
5267 0
5268 0
5269 0
5270 0
5271 0
5272 0
5273 0
5274 0
5275 0
5276 0
5277 0
5278 1
5279 0
5280 0
5281 0
5282 0
5283 0
5284 2
5285 0
5286 1
5287 0
5288 0
5289 1
5290 1
5291 0
5292 0
5293 0
5294 0
5295 0
5296 1
5297 0
5298 2
5299 0
5300 0
5301 0
5302 2
5303 0
5304 3
5305 0
5306 0
5307 2
5308 1
5309 1
5310 0
5311 1
5312 0
5313 1
5314 0
5315 2
5316 0
5317 3
5318 0
5319 0
5320 0
5321 0
5322 0
5323 1
5324 0
5325 0
5326 0
5327 0
5328 0
5329 0
5330 1
5331 0
5332 0
5333 0
5334 1
5335 1
5336 1
5337 0
5338 3
5339 0
5340 0
5341 0
5342 0
5343 0
5344 0
5345 0
5346 0
5347 1
5348 0
5349 0
5350 0
5351 0
5352 0
5353 1
5354 0
5355 0
5356 0
5357 0
5358 0
5359 0
5360 2
5361 1
5362 2
5363 2
5364 1
5365 1
5366 0
5367 2
5368 0
5369 0
5370 1
5371 0
5372 0
5373 1
5374 0
5375 1
5376 0
5377 0
5378 1
5379 1
5380 0
5381 1
5382 1
5383 0
5384 0
5385 0
5386 0
5387 1
5388 0
5389 0
5390 0
5391 0
5392 0
5393 0
5394 0
5395 0
5396 0
5397 0
5398 1
5399 3
5400 0
5401 1
5402 0
5403 0
5404 1
5405 0
5406 0
5407 1
5408 0
5409 1
5410 3
5411 0
5412 0
5413 0
5414 1
5415 1
5416 0
5417 0
5418 0
5419 1
5420 1
5421 1
5422 0
5423 0
5424 0
5425 0
5426 2
5427 0
5428 0
5429 0
5430 0
5431 0
5432 1
5433 0
5434 0
5435 0
5436 0
5437 0
5438 0
5439 2
5440 0
5441 0
5442 0
5443 0
5444 1
5445 0
5446 2
5447 0
5448 0
5449 0
5450 1
5451 0
5452 0
5453 0
5454 0
5455 0
5456 0
5457 1
5458 0
5459 0
5460 0
5461 0
5462 0
5463 0
5464 2
5465 4
5466 0
5467 3
5468 0
5469 0
5470 0
5471 1
5472 0
5473 1
5474 0
5475 3
5476 1
5477 0
5478 0
5479 0
5480 0
5481 1
5482 0
5483 0
5484 0
5485 0
5486 1
5487 0
5488 0
5489 1
5490 0
5491 0
5492 0
5493 2
5494 0
5495 0
5496 1
5497 0
5498 0
5499 0
5500 3
5501 0
5502 1
5503 0
5504 0
5505 0
5506 0
5507 2
5508 1
5509 0
5510 2
5511 0
5512 0
5513 0
5514 0
5515 0
5516 1
5517 1
5518 0
5519 0
5520 0
5521 0
5522 0
5523 0
5524 0
5525 3
5526 0
5527 1
5528 1
5529 0
5530 0
5531 0
5532 0
5533 0
5534 0
5535 0
5536 0
5537 0
5538 0
5539 0
5540 1
5541 0
5542 0
5543 0
5544 0
5545 0
5546 0
5547 0
5548 0
5549 0
5550 0
5551 0
5552 0
5553 0
5554 0
5555 0
5556 0
5557 0
5558 0
5559 0
5560 0
5561 3
5562 2
5563 1
5564 0
5565 0
5566 0
5567 3
5568 0
5569 0
5570 0
5571 4
5572 0
5573 0
5574 2
5575 0
5576 0
5577 1
5578 1
5579 2
5580 0
5581 1
5582 1
5583 0
5584 0
5585 1
5586 0
5587 0
5588 1
5589 0
5590 0
5591 1
5592 0
5593 0
5594 0
5595 0
5596 1
5597 0
5598 0
5599 1
5600 0
5601 0
5602 0
5603 1
5604 0
5605 0
5606 0
5607 1
5608 1
5609 0
5610 0
5611 0
5612 0
5613 0
5614 2
5615 1
5616 0
5617 1
5618 1
5619 2
5620 0
5621 1
5622 0
5623 0
5624 0
5625 0
5626 0
5627 0
5628 2
5629 2
5630 0
5631 2
5632 0
5633 0
5634 0
5635 1
5636 0
5637 1
5638 0
5639 0
5640 3
5641 0
5642 0
5643 2
5644 0
5645 1
5646 0
5647 0
5648 0
5649 1
5650 0
5651 0
5652 0
5653 1
5654 1
5655 0
5656 0
5657 0
5658 2
5659 0
5660 0
5661 1
5662 0
5663 0
5664 0
5665 0
5666 0
5667 0
5668 0
5669 0
5670 0
5671 1
5672 2
5673 0
5674 0
5675 1
5676 0
5677 0
5678 0
5679 0
5680 1
5681 0
5682 0
5683 1
5684 0
5685 2
5686 0
5687 1
5688 0
5689 0
5690 0
5691 0
5692 0
5693 0
5694 0
5695 1
5696 3
5697 2
5698 0
5699 0
5700 0
5701 1
5702 0
5703 1
5704 3
5705 0
5706 0
5707 1
5708 0
5709 1
5710 0
5711 2
5712 0
5713 0
5714 1
5715 0
5716 0
5717 0
5718 0
5719 1
5720 1
5721 0
5722 0
5723 2
5724 1
5725 0
5726 0
5727 1
5728 1
5729 0
5730 0
5731 0
5732 0
5733 0
5734 0
5735 0
5736 1
5737 1
5738 0
5739 0
5740 0
5741 0
5742 0
5743 1
5744 0
5745 2
5746 0
5747 0
5748 0
5749 0
5750 0
5751 0
5752 2
5753 1
5754 0
5755 0
5756 0
5757 0
5758 1
5759 0
5760 0
5761 0
5762 1
5763 0
5764 0
5765 0
5766 1
5767 0
5768 0
5769 0
5770 0
5771 0
5772 0
5773 2
5774 1
5775 3
5776 0
5777 0
5778 0
5779 1
5780 0
5781 0
5782 0
5783 0
5784 0
5785 0
5786 1
5787 0
5788 1
5789 1
5790 0
5791 0
5792 0
5793 3
5794 0
5795 0
5796 0
5797 0
5798 1
5799 0
5800 0
5801 1
5802 0
5803 0
5804 0
5805 0
5806 3
5807 3
5808 0
5809 0
5810 0
5811 0
5812 1
5813 0
5814 0
5815 0
5816 0
5817 1
5818 0
5819 0
5820 0
5821 0
5822 0
5823 0
5824 0
5825 0
5826 1
5827 0
5828 1
5829 0
5830 1
5831 0
5832 0
5833 0
5834 2
5835 0
5836 1
5837 1
5838 0
5839 0
5840 1
5841 0
5842 2
5843 1
5844 0
5845 4
5846 0
5847 1
5848 0
5849 0
5850 1
5851 0
5852 1
5853 0
5854 0
5855 0
5856 0
5857 2
5858 0
5859 0
5860 0
5861 0
5862 2
5863 0
5864 0
5865 0
5866 0
5867 1
5868 0
5869 2
5870 0
5871 0
5872 0
5873 0
5874 0
5875 0
5876 0
5877 0
5878 0
5879 0
5880 2
5881 0
5882 0
5883 0
5884 0
5885 0
5886 0
5887 1
5888 0
5889 0
5890 2
5891 2
5892 1
5893 1
5894 1
5895 0
5896 2
5897 3
5898 0
5899 0
5900 1
5901 1
5902 0
5903 0
5904 0
5905 0
5906 0
5907 1
5908 4
5909 0
5910 0
5911 0
5912 0
5913 0
5914 0
5915 2
5916 0
5917 0
5918 1
5919 0
5920 0
5921 0
5922 0
5923 0
5924 0
5925 2
5926 0
5927 0
5928 0
5929 0
5930 2
5931 0
5932 0
5933 1
5934 1
5935 2
5936 0
5937 1
5938 0
5939 1
5940 0
5941 0
5942 1
5943 0
5944 0
5945 0
5946 1
5947 0
5948 1
5949 0
5950 0
5951 0
5952 2
5953 0
5954 1
5955 1
5956 0
5957 0
5958 0
5959 1
5960 0
5961 2
5962 0
5963 1
5964 0
5965 2
5966 0
5967 2
5968 0
5969 0
5970 0
5971 0
5972 2
5973 0
5974 0
5975 1
5976 0
5977 0
5978 0
5979 1
5980 1
5981 0
5982 1
5983 1
5984 0
5985 0
5986 0
5987 0
5988 0
5989 1
5990 0
5991 2
5992 0
5993 0
5994 0
5995 1
5996 0
5997 0
5998 0
5999 0
6000 0
6001 0
6002 0
6003 1
6004 0
6005 0
6006 1
6007 0
6008 0
6009 0
6010 1
6011 0
6012 1
6013 0
6014 0
6015 0
6016 0
6017 0
6018 2
6019 1
6020 0
6021 1
6022 0
6023 0
6024 1
6025 0
6026 0
6027 1
6028 0
6029 1
6030 0
6031 0
6032 1
6033 0
6034 1
6035 0
6036 0
6037 2
6038 0
6039 0
6040 1
6041 0
6042 0
6043 0
6044 1
6045 0
6046 0
6047 0
6048 0
6049 0
6050 1
6051 0
6052 2
6053 0
6054 0
6055 0
6056 0
6057 1
6058 0
6059 0
6060 1
6061 1
6062 2
6063 1
6064 2
6065 0
6066 0
6067 0
6068 0
6069 0
6070 0
6071 0
6072 2
6073 0
6074 0
6075 0
6076 4
6077 0
6078 0
6079 0
6080 0
6081 1
6082 0
6083 2
6084 0
6085 0
6086 0
6087 1
6088 0
6089 0
6090 0
6091 0
6092 0
6093 0
6094 1
6095 1
6096 0
6097 1
6098 0
6099 2
6100 0
6101 1
6102 0
6103 0
6104 0
6105 1
6106 0
6107 0
6108 1
6109 1
6110 0
6111 3
6112 2
6113 0
6114 1
6115 2
6116 0
6117 0
6118 0
6119 0
6120 0
6121 1
6122 0
6123 0
6124 0
6125 0
6126 1
6127 0
6128 0
6129 0
6130 1
6131 2
6132 0
6133 0
6134 0
6135 0
6136 0
6137 0
6138 0
6139 0
6140 3
6141 0
6142 0
6143 0
6144 2
6145 0
6146 1
6147 2
6148 0
6149 3
6150 0
6151 0
6152 0
6153 1
6154 2
6155 0
6156 0
6157 0
6158 0
6159 0
6160 0
6161 0
6162 0
6163 0
6164 1
6165 0
6166 0
6167 0
6168 3
6169 0
6170 0
6171 0
6172 0
6173 0
6174 0
6175 0
6176 0
6177 0
6178 1
6179 0
6180 2
6181 0
6182 0
6183 0
6184 0
6185 0
6186 0
6187 0
6188 0
6189 0
6190 0
6191 0
6192 0
6193 1
6194 0
6195 0
6196 0
6197 0
6198 1
6199 1
6200 0
6201 1
6202 0
6203 0
6204 0
6205 1
6206 0
6207 0
6208 4
6209 0
6210 3
6211 1
6212 0
6213 1
6214 0
6215 0
6216 0
6217 0
6218 0
6219 0
6220 0
6221 1
6222 0
6223 0
6224 0
6225 0
6226 1
6227 0
6228 3
6229 2
6230 0
6231 0
6232 0
6233 0
6234 2
6235 0
6236 0
6237 2
6238 0
6239 0
6240 1
6241 0
6242 0
6243 0
6244 2
6245 1
6246 0
6247 0
6248 3
6249 1
6250 1
6251 0
6252 0
6253 0
6254 0
6255 0
6256 0
6257 0
6258 0
6259 0
6260 0
6261 0
6262 3
6263 0
6264 0
6265 0
6266 0
6267 0
6268 0
6269 0
6270 1
6271 1
6272 1
6273 2
6274 0
6275 0
6276 0
6277 1
6278 0
6279 0
6280 1
6281 0
6282 1
6283 0
6284 0
6285 0
6286 0
6287 2
6288 0
6289 0
6290 0
6291 1
6292 2
6293 1
6294 1
6295 0
6296 1
6297 0
6298 2
6299 2
6300 0
6301 1
6302 0
6303 0
6304 1
6305 0
6306 0
6307 1
6308 1
6309 1
6310 0
6311 1
6312 0
6313 0
6314 0
6315 0
6316 0
6317 0
6318 1
6319 1
6320 1
6321 0
6322 1
6323 1
6324 0
6325 4
6326 0
6327 0
6328 2
6329 0
6330 0
6331 0
6332 0
6333 0
6334 0
6335 3
6336 1
6337 2
6338 1
6339 2
6340 1
6341 0
6342 0
6343 1
6344 0
6345 0
6346 0
6347 0
6348 1
6349 2
6350 1
6351 0
6352 1
6353 0
6354 0
6355 1
6356 0
6357 0
6358 0
6359 3
6360 0
6361 0
6362 0
6363 2
6364 1
6365 0
6366 0
6367 0
6368 0
6369 1
6370 1
6371 0
6372 0
6373 0
6374 0
6375 0
6376 0
6377 0
6378 0
6379 0
6380 1
6381 0
6382 0
6383 0
6384 0
6385 0
6386 2
6387 0
6388 0
6389 1
6390 0
6391 0
6392 0
6393 0
6394 0
6395 1
6396 1
6397 0
6398 1
6399 0
6400 0
6401 0
6402 0
6403 1
6404 0
6405 0
6406 0
6407 0
6408 0
6409 0
6410 0
6411 0
6412 0
6413 0
6414 0
6415 0
6416 1
6417 0
6418 0
6419 0
6420 0
6421 2
6422 0
6423 0
6424 1
6425 0
6426 0
6427 0
6428 0
6429 0
6430 2
6431 0
6432 0
6433 0
6434 0
6435 0
6436 0
6437 1
6438 1
6439 0
6440 5
6441 2
6442 0
6443 0
6444 0
6445 1
6446 0
6447 1
6448 0
6449 0
6450 1
6451 1
6452 0
6453 0
6454 0
6455 0
6456 0
6457 0
6458 1
6459 3
6460 0
6461 1
6462 0
6463 0
6464 0
6465 0
6466 0
6467 1
6468 0
6469 3
6470 0
6471 1
6472 0
6473 0
6474 0
6475 0
6476 2
6477 0
6478 0
6479 0
6480 0
6481 0
6482 1
6483 2
6484 2
6485 1
6486 1
6487 0
6488 0
6489 0
6490 1
6491 0
6492 0
6493 1
6494 0
6495 0
6496 0
6497 0
6498 0
6499 0
6500 0
6501 0
6502 0
6503 2
6504 0
6505 0
6506 0
6507 1
6508 0
6509 0
6510 0
6511 0
6512 0
6513 0
6514 4
6515 0
6516 0
6517 0
6518 0
6519 0
6520 0
6521 1
6522 0
6523 1
6524 1
6525 0
6526 0
6527 0
6528 0
6529 1
6530 0
6531 1
6532 0
6533 0
6534 0
6535 0
6536 1
6537 1
6538 1
6539 0
6540 0
6541 0
6542 3
6543 0
6544 4
6545 0
6546 1
6547 1
6548 0
6549 0
6550 0
6551 2
6552 0
6553 1
6554 0
6555 0
6556 0
6557 1
6558 0
6559 4
6560 1
6561 0
6562 1
6563 1
6564 0
6565 1
6566 0
6567 0
6568 0
6569 0
6570 4
6571 2
6572 0
6573 0
6574 0
6575 1
6576 0
6577 1
6578 0
6579 2
6580 0
6581 1
6582 1
6583 0
6584 1
6585 0
6586 2
6587 0
6588 0
6589 0
6590 0
6591 0
6592 6
6593 1
6594 1
6595 0
6596 2
6597 0
6598 0
6599 1
6600 1
6601 0
6602 1
6603 1
6604 3
6605 0
6606 1
6607 1
6608 0
6609 0
6610 0
6611 0
6612 0
6613 0
6614 2
6615 0
6616 0
6617 0
6618 0
6619 0
6620 2
6621 0
6622 0
6623 0
6624 0
6625 0
6626 2
6627 0
6628 0
6629 0
6630 0
6631 3
6632 1
6633 0
6634 0
6635 2
6636 1
6637 0
6638 0
6639 0
6640 0
6641 0
6642 0
6643 0
6644 1
6645 0
6646 0
6647 0
6648 2
6649 1
6650 0
6651 0
6652 0
6653 1
6654 0
6655 0
6656 3
6657 0
6658 0
6659 1
6660 3
6661 0
6662 1
6663 1
6664 2
6665 0
6666 1
6667 0
6668 0
6669 1
6670 0
6671 0
6672 0
6673 1
6674 0
6675 0
6676 0
6677 0
6678 0
6679 0
6680 0
6681 0
6682 0
6683 2
6684 0
6685 2
6686 1
6687 0
6688 0
6689 0
6690 0
6691 1
6692 0
6693 0
6694 0
6695 1
6696 1
6697 0
6698 0
6699 0
6700 1
6701 0
6702 0
6703 1
6704 0
6705 0
6706 0
6707 0
6708 0
6709 0
6710 0
6711 0
6712 0
6713 0
6714 0
6715 1
6716 0
6717 0
6718 2
6719 0
6720 1
6721 0
6722 0
6723 1
6724 0
6725 0
6726 0
6727 0
6728 0
6729 1
6730 1
6731 0
6732 0
6733 0
6734 0
6735 0
6736 2
6737 0
6738 0
6739 0
6740 0
6741 0
6742 2
6743 1
6744 0
6745 0
6746 0
6747 1
6748 1
6749 0
6750 2
6751 0
6752 2
6753 0
6754 0
6755 0
6756 1
6757 0
6758 0
6759 0
6760 0
6761 1
6762 0
6763 0
6764 0
6765 0
6766 0
6767 1
6768 0
6769 0
6770 0
6771 0
6772 2
6773 0
6774 0
6775 1
6776 3
6777 0
6778 0
6779 2
6780 0
6781 1
6782 1
6783 0
6784 0
6785 0
6786 0
6787 0
6788 1
6789 0
6790 0
6791 2
6792 0
6793 1
6794 1
6795 0
6796 0
6797 0
6798 0
6799 0
6800 2
6801 1
6802 0
6803 1
6804 1
6805 0
6806 0
6807 0
6808 0
6809 0
6810 0
6811 0
6812 0
6813 0
6814 0
6815 0
6816 0
6817 0
6818 0
6819 2
6820 1
6821 0
6822 1
6823 1
6824 0
6825 0
6826 0
6827 0
6828 0
6829 0
6830 0
6831 0
6832 0
6833 0
6834 0
6835 4
6836 0
6837 1
6838 1
6839 3
6840 0
6841 0
6842 0
6843 0
6844 1
6845 0
6846 0
6847 1
6848 0
6849 0
6850 1
6851 0
6852 0
6853 3
6854 0
6855 0
6856 2
6857 0
6858 0
6859 1
6860 0
6861 1
6862 1
6863 0
6864 2
6865 0
6866 0
6867 1
6868 0
6869 0
6870 0
6871 1
6872 2
6873 0
6874 0
6875 0
6876 0
6877 0
6878 0
6879 0
6880 0
6881 0
6882 0
6883 0
6884 1
6885 1
6886 0
6887 1
6888 0
6889 0
6890 0
6891 0
6892 0
6893 0
6894 2
6895 1
6896 0
6897 0
6898 0
6899 0
6900 0
6901 0
6902 0
6903 0
6904 0
6905 0
6906 1
6907 1
6908 0
6909 1
6910 0
6911 0
6912 2
6913 0
6914 0
6915 2
6916 0
6917 0
6918 0
6919 0
6920 0
6921 0
6922 0
6923 1
6924 3
6925 1
6926 0
6927 0
6928 4
6929 0
6930 0
6931 0
6932 0
6933 2
6934 0
6935 2
6936 0
6937 0
6938 0
6939 0
6940 3
6941 0
6942 2
6943 0
6944 0
6945 0
6946 0
6947 0
6948 0
6949 0
6950 0
6951 0
6952 2
6953 0
6954 1
6955 0
6956 0
6957 2
6958 0
6959 0
6960 0
6961 0
6962 0
6963 1
6964 0
6965 2
6966 0
6967 0
6968 0
6969 0
6970 0
6971 0
6972 0
6973 0
6974 0
6975 0
6976 2
6977 0
6978 2
6979 0
6980 2
6981 1
6982 0
6983 0
6984 1
6985 1
6986 0
6987 0
6988 0
6989 0
6990 0
6991 2
6992 0
6993 1
6994 0
6995 0
6996 0
6997 2
6998 0
6999 0
7000 0
7001 1
7002 0
7003 0
7004 0
7005 0
7006 3
7007 0
7008 0
7009 0
7010 1
7011 3
7012 1
7013 1
7014 0
7015 0
7016 0
7017 0
7018 1
7019 0
7020 0
7021 1
7022 1
7023 2
7024 0
7025 0
7026 0
7027 1
7028 0
7029 0
7030 0
7031 0
7032 0
7033 0
7034 0
7035 2
7036 0
7037 1
7038 1
7039 0
7040 0
7041 1
7042 0
7043 0
7044 0
7045 1
7046 1
7047 1
7048 1
7049 0
7050 0
7051 0
7052 2
7053 2
7054 1
7055 0
7056 0
7057 1
7058 0
7059 2
7060 0
7061 0
7062 2
7063 2
7064 0
7065 1
7066 0
7067 0
7068 0
7069 0
7070 2
7071 2
7072 0
7073 0
7074 0
7075 2
7076 1
7077 0
7078 0
7079 0
7080 1
7081 1
7082 1
7083 0
7084 0
7085 0
7086 1
7087 0
7088 0
7089 0
7090 0
7091 0
7092 0
7093 0
7094 0
7095 2
7096 0
7097 0
7098 0
7099 0
7100 1
7101 0
7102 0
7103 0
7104 0
7105 0
7106 1
7107 0
7108 0
7109 0
7110 0
7111 0
7112 0
7113 0
7114 0
7115 0
7116 0
7117 0
7118 2
7119 0
7120 0
7121 0
7122 0
7123 2
7124 2
7125 0
7126 1
7127 2
7128 3
7129 0
7130 0
7131 0
7132 1
7133 1
7134 0
7135 0
7136 0
7137 0
7138 1
7139 0
7140 0
7141 0
7142 0
7143 0
7144 0
7145 0
7146 0
7147 2
7148 0
7149 0
7150 0
7151 1
7152 1
7153 1
7154 0
7155 0
7156 0
7157 0
7158 1
7159 1
7160 0
7161 0
7162 0
7163 0
7164 1
7165 1
7166 0
7167 0
7168 0
7169 2
7170 0
7171 1
7172 0
7173 0
7174 1
7175 1
7176 0
7177 1
7178 0
7179 0
7180 0
7181 0
7182 0
7183 0
7184 0
7185 0
7186 2
7187 1
7188 0
7189 1
7190 1
7191 0
7192 0
7193 0
7194 3
7195 0
7196 0
7197 2
7198 0
7199 0
7200 0
7201 0
7202 2
7203 0
7204 0
7205 0
7206 0
7207 0
7208 1
7209 1
7210 0
7211 0
7212 1
7213 0
7214 2
7215 0
7216 0
7217 0
7218 0
7219 5
7220 0
7221 3
7222 0
7223 1
7224 0
7225 5
7226 0
7227 1
7228 0
7229 2
7230 0
7231 0
7232 0
7233 0
7234 0
7235 1
7236 1
7237 0
7238 1
7239 0
7240 0
7241 1
7242 0
7243 0
7244 0
7245 0
7246 2
7247 0
7248 0
7249 0
7250 0
7251 1
7252 1
7253 2
7254 1
7255 0
7256 0
7257 2
7258 1
7259 0
7260 1
7261 0
7262 1
7263 0
7264 0
7265 0
7266 0
7267 0
7268 1
7269 0
7270 0
7271 1
7272 0
7273 0
7274 2
7275 0
7276 0
7277 0
7278 0
7279 0
7280 1
7281 0
7282 2
7283 0
7284 0
7285 1
7286 1
7287 0
7288 0
7289 0
7290 0
7291 0
7292 0
7293 1
7294 0
7295 0
7296 0
7297 0
7298 0
7299 1
7300 1
7301 0
7302 0
7303 0
7304 0
7305 0
7306 0
7307 0
7308 0
7309 3
7310 0
7311 1
7312 0
7313 1
7314 0
7315 0
7316 2
7317 0
7318 2
7319 0
7320 0
7321 2
7322 1
7323 1
7324 0
7325 1
7326 1
7327 0
7328 0
7329 2
7330 0
7331 0
7332 1
7333 1
7334 2
7335 1
7336 0
7337 0
7338 0
7339 0
7340 0
7341 0
7342 0
7343 0
7344 1
7345 0
7346 1
7347 0
7348 1
7349 2
7350 1
7351 0
7352 1
7353 1
7354 0
7355 2
7356 1
7357 2
7358 1
7359 2
7360 0
7361 1
7362 1
7363 0
7364 0
7365 0
7366 0
7367 0
7368 0
7369 0
7370 2
7371 0
7372 2
7373 0
7374 3
7375 2
7376 3
7377 0
7378 1
7379 0
7380 0
7381 0
7382 0
7383 0
7384 0
7385 0
7386 1
7387 1
7388 1
7389 0
7390 0
7391 2
7392 0
7393 0
7394 0
7395 0
7396 0
7397 0
7398 0
7399 1
7400 0
7401 3
7402 2
7403 0
7404 0
7405 0
7406 0
7407 1
7408 0
7409 0
7410 0
7411 2
7412 1
7413 0
7414 0
7415 1
7416 1
7417 0
7418 1
7419 0
7420 0
7421 1
7422 0
7423 0
7424 0
7425 2
7426 2
7427 0
7428 0
7429 0
7430 2
7431 0
7432 1
7433 0
7434 1
7435 1
7436 2
7437 1
7438 0
7439 0
7440 0
7441 0
7442 0
7443 0
7444 0
7445 0
7446 0
7447 0
7448 0
7449 1
7450 0
7451 0
7452 0
7453 0
7454 0
7455 1
7456 0
7457 0
7458 0
7459 2
7460 0
7461 2
7462 0
7463 1
7464 3
7465 1
7466 0
7467 0
7468 0
7469 1
7470 1
7471 0
7472 0
7473 0
7474 0
7475 0
7476 1
7477 0
7478 0
7479 0
7480 1
7481 1
7482 2
7483 0
7484 1
7485 0
7486 0
7487 1
7488 1
7489 0
7490 0
7491 0
7492 2
7493 1
7494 0
7495 0
7496 0
7497 0
7498 0
7499 0
7500 0
7501 0
7502 0
7503 0
7504 0
7505 0
7506 0
7507 0
7508 0
7509 0
7510 0
7511 0
7512 1
7513 0
7514 0
7515 0
7516 0
7517 0
7518 0
7519 0
7520 0
7521 0
7522 0
7523 0
7524 0
7525 0
7526 0
7527 0
7528 0
7529 2
7530 2
7531 0
7532 0
7533 0
7534 0
7535 0
7536 0
7537 0
7538 1
7539 2
7540 0
7541 3
7542 0
7543 1
7544 0
7545 1
7546 2
7547 0
7548 0
7549 1
7550 1
7551 2
7552 1
7553 0
7554 0
7555 0
7556 1
7557 1
7558 0
7559 1
7560 0
7561 0
7562 0
7563 0
7564 1
7565 0
7566 0
7567 1
7568 0
7569 0
7570 1
7571 1
7572 0
7573 0
7574 1
7575 0
7576 2
7577 1
7578 0
7579 0
7580 0
7581 0
7582 2
7583 2
7584 0
7585 1
7586 0
7587 2
7588 1
7589 0
7590 0
7591 0
7592 0
7593 0
7594 0
7595 0
7596 2
7597 2
7598 0
7599 0
7600 1
7601 2
7602 0
7603 0
7604 0
7605 0
7606 0
7607 3
7608 0
7609 2
7610 0
7611 0
7612 1
7613 0
7614 1
7615 0
7616 0
7617 0
7618 0
7619 0
7620 2
7621 0
7622 0
7623 0
7624 0
7625 0
7626 0
7627 1
7628 1
7629 0
7630 1
7631 0
7632 0
7633 2
7634 0
7635 0
7636 1
7637 2
7638 0
7639 0
7640 0
7641 0
7642 0
7643 0
7644 1
7645 0
7646 0
7647 0
7648 1
7649 0
7650 0
7651 0
7652 0
7653 0
7654 0
7655 0
7656 0
7657 3
7658 0
7659 0
7660 1
7661 0
7662 0
7663 0
7664 1
7665 0
7666 3
7667 0
7668 0
7669 0
7670 1
7671 0
7672 0
7673 0
7674 0
7675 0
7676 0
7677 0
7678 0
7679 1
7680 0
7681 1
7682 0
7683 1
7684 2
7685 0
7686 0
7687 1
7688 0
7689 0
7690 0
7691 0
7692 0
7693 2
7694 1
7695 0
7696 0
7697 0
7698 2
7699 1
7700 0
7701 0
7702 1
7703 1
7704 0
7705 0
7706 0
7707 1
7708 0
7709 0
7710 0
7711 0
7712 1
7713 0
7714 2
7715 0
7716 0
7717 0
7718 0
7719 1
7720 1
7721 1
7722 0
7723 0
7724 0
7725 0
7726 0
7727 0
7728 0
7729 0
7730 1
7731 0
7732 0
7733 0
7734 0
7735 0
7736 0
7737 0
7738 1
7739 0
7740 0
7741 0
7742 1
7743 0
7744 0
7745 2
7746 0
7747 0
7748 0
7749 0
7750 0
7751 0
7752 0
7753 0
7754 0
7755 1
7756 1
7757 0
7758 0
7759 0
7760 1
7761 0
7762 1
7763 0
7764 3
7765 0
7766 2
7767 0
7768 0
7769 0
7770 0
7771 0
7772 1
7773 0
7774 0
7775 0
7776 0
7777 0
7778 0
7779 1
7780 0
7781 0
7782 0
7783 0
7784 0
7785 0
7786 1
7787 0
7788 0
7789 0
7790 0
7791 1
7792 1
7793 0
7794 0
7795 0
7796 0
7797 0
7798 0
7799 0
7800 0
7801 0
7802 1
7803 1
7804 0
7805 0
7806 0
7807 0
7808 0
7809 0
7810 0
7811 3
7812 0
7813 0
7814 1
7815 0
7816 2
7817 0
7818 1
7819 2
7820 0
7821 0
7822 0
7823 2
7824 1
7825 0
7826 1
7827 0
7828 2
7829 0
7830 0
7831 0
7832 0
7833 2
7834 0
7835 0
7836 0
7837 0
7838 0
7839 0
7840 3
7841 0
7842 0
7843 0
7844 1
7845 0
7846 1
7847 0
7848 1
7849 0
7850 0
7851 1
7852 1
7853 1
7854 0
7855 0
7856 0
7857 0
7858 0
7859 1
7860 0
7861 0
7862 0
7863 1
7864 0
7865 1
7866 0
7867 0
7868 1
7869 0
7870 0
7871 2
7872 0
7873 0
7874 0
7875 0
7876 0
7877 1
7878 0
7879 1
7880 0
7881 0
7882 1
7883 0
7884 2
7885 1
7886 0
7887 0
7888 0
7889 0
7890 0
7891 0
7892 0
7893 0
7894 1
7895 0
7896 1
7897 1
7898 0
7899 0
7900 1
7901 2
7902 1
7903 0
7904 2
7905 0
7906 0
7907 0
7908 2
7909 0
7910 1
7911 0
7912 1
7913 1
7914 1
7915 0
7916 0
7917 0
7918 3
7919 0
7920 1
7921 0
7922 2
7923 0
7924 0
7925 0
7926 0
7927 0
7928 0
7929 0
7930 1
7931 1
7932 0
7933 2
7934 1
7935 0
7936 0
7937 2
7938 0
7939 0
7940 0
7941 0
7942 0
7943 1
7944 0
7945 0
7946 0
7947 0
7948 0
7949 0
7950 0
7951 0
7952 0
7953 1
7954 0
7955 2
7956 3
7957 0
7958 0
7959 0
7960 0
7961 0
7962 0
7963 0
7964 1
7965 0
7966 1
7967 2
7968 3
7969 1
7970 0
7971 0
7972 0
7973 2
7974 2
7975 0
7976 0
7977 0
7978 0
7979 1
7980 0
7981 0
7982 0
7983 2
7984 0
7985 2
7986 0
7987 1
7988 0
7989 3
7990 1
7991 0
7992 0
7993 2
7994 0
7995 1
7996 1
7997 0
7998 0
7999 0
8000 0
8001 0
8002 0
8003 0
8004 0
8005 0
8006 0
8007 0
8008 0
8009 1
8010 2
8011 0
8012 1
8013 0
8014 1
8015 0
8016 1
8017 1
8018 0
8019 4
8020 0
8021 0
8022 0
8023 0
8024 0
8025 0
8026 2
8027 0
8028 0
8029 0
8030 0
8031 0
8032 0
8033 0
8034 0
8035 0
8036 2
8037 0
8038 0
8039 0
8040 0
8041 0
8042 0
8043 1
8044 0
8045 0
8046 0
8047 0
8048 0
8049 0
8050 2
8051 0
8052 1
8053 0
8054 0
8055 0
8056 0
8057 1
8058 0
8059 0
8060 0
8061 1
8062 0
8063 1
8064 0
8065 0
8066 0
8067 0
8068 0
8069 1
8070 1
8071 1
8072 0
8073 0
8074 0
8075 0
8076 1
8077 0
8078 0
8079 0
8080 2
8081 0
8082 0
8083 0
8084 2
8085 1
8086 2
8087 0
8088 2
8089 0
8090 0
8091 1
8092 0
8093 1
8094 0
8095 2
8096 1
8097 1
8098 0
8099 3
8100 0
8101 0
8102 0
8103 0
8104 0
8105 0
8106 1
8107 0
8108 3
8109 0
8110 0
8111 2
8112 0
8113 1
8114 0
8115 0
8116 0
8117 0
8118 0
8119 0
8120 1
8121 0
8122 1
8123 0
8124 0
8125 0
8126 2
8127 0
8128 0
8129 0
8130 0
8131 0
8132 0
8133 0
8134 1
8135 2
8136 0
8137 0
8138 2
8139 0
8140 0
8141 1
8142 3
8143 0
8144 0
8145 0
8146 0
8147 1
8148 0
8149 0
8150 0
8151 1
8152 0
8153 1
8154 2
8155 0
8156 2
8157 0
8158 0
8159 0
8160 0
8161 0
8162 0
8163 0
8164 0
8165 0
8166 0
8167 0
8168 2
8169 0
8170 0
8171 1
8172 0
8173 0
8174 0
8175 1
8176 0
8177 0
8178 0
8179 0
8180 2
8181 0
8182 1
8183 0
8184 0
8185 1
8186 0
8187 0
8188 2
8189 1
8190 2
8191 2
8192 2
8193 0
8194 1
8195 0
8196 1
8197 0
8198 0
8199 0
8200 0
8201 0
8202 0
8203 1
8204 0
8205 0
8206 0
8207 0
8208 0
8209 0
8210 0
8211 2
8212 0
8213 2
8214 0
8215 1
8216 1
8217 0
8218 0
8219 0
8220 0
8221 0
8222 0
8223 0
8224 0
8225 2
8226 0
8227 2
8228 0
8229 0
8230 0
8231 0
8232 0
8233 0
8234 1
8235 0
8236 1
8237 0
8238 2
8239 0
8240 0
8241 1
8242 2
8243 0
8244 0
8245 0
8246 1
8247 0
8248 3
8249 1
8250 1
8251 0
8252 0
8253 0
8254 1
8255 0
8256 2
8257 1
8258 2
8259 0
8260 0
8261 2
8262 2
8263 3
8264 1
8265 0
8266 0
8267 0
8268 2
8269 0
8270 0
8271 0
8272 0
8273 2
8274 0
8275 0
8276 0
8277 3
8278 0
8279 0
8280 0
8281 2
8282 0
8283 0
8284 0
8285 1
8286 0
8287 0
8288 1
8289 4
8290 0
8291 2
8292 0
8293 0
8294 3
8295 0
8296 0
8297 0
8298 1
8299 0
8300 0
8301 0
8302 0
8303 0
8304 0
8305 0
8306 0
8307 0
8308 0
8309 0
8310 1
8311 0
8312 0
8313 5
8314 0
8315 0
8316 0
8317 0
8318 3
8319 0
8320 2
8321 0
8322 0
8323 0
8324 1
8325 0
8326 2
8327 0
8328 0
8329 0
8330 0
8331 0
8332 1
8333 0
8334 1
8335 1
8336 0
8337 1
8338 0
8339 0
8340 0
8341 0
8342 1
8343 0
8344 1
8345 0
8346 0
8347 2
8348 0
8349 0
8350 0
8351 1
8352 0
8353 1
8354 0
8355 0
8356 0
8357 2
8358 0
8359 1
8360 1
8361 0
8362 1
8363 0
8364 1
8365 0
8366 2
8367 0
8368 0
8369 0
8370 3
8371 0
8372 0
8373 0
8374 0
8375 0
8376 0
8377 1
8378 1
8379 0
8380 2
8381 1
8382 0
8383 0
8384 0
8385 0
8386 1
8387 0
8388 0
8389 0
8390 0
8391 0
8392 0
8393 0
8394 0
8395 1
8396 0
8397 0
8398 0
8399 1
8400 0
8401 0
8402 1
8403 3
8404 1
8405 0
8406 0
8407 0
8408 2
8409 1
8410 1
8411 0
8412 1
8413 0
8414 0
8415 1
8416 0
8417 1
8418 0
8419 1
8420 0
8421 0
8422 1
8423 0
8424 1
8425 0
8426 0
8427 0
8428 1
8429 0
8430 1
8431 1
8432 1
8433 0
8434 1
8435 1
8436 0
8437 0
8438 0
8439 3
8440 0
8441 3
8442 2
8443 0
8444 0
8445 0
8446 0
8447 1
8448 0
8449 0
8450 1
8451 0
8452 0
8453 0
8454 0
8455 0
8456 0
8457 1
8458 0
8459 2
8460 0
8461 0
8462 0
8463 1
8464 2
8465 0
8466 2
8467 0
8468 2
8469 0
8470 1
8471 1
8472 0
8473 4
8474 3
8475 0
8476 1
8477 0
8478 0
8479 0
8480 0
8481 0
8482 1
8483 0
8484 1
8485 0
8486 1
8487 0
8488 0
8489 0
8490 0
8491 0
8492 2
8493 2
8494 0
8495 0
8496 0
8497 0
8498 2
8499 0
8500 0
8501 0
8502 1
8503 0
8504 0
8505 2
8506 0
8507 0
8508 3
8509 0
8510 0
8511 2
8512 0
8513 0
8514 1
8515 2
8516 2
8517 0
8518 0
8519 2
8520 0
8521 2
8522 2
8523 0
8524 4
8525 0
8526 0
8527 2
8528 0
8529 0
8530 2
8531 1
8532 0
8533 0
8534 3
8535 2
8536 1
8537 0
8538 0
8539 0
8540 0
8541 0
8542 0
8543 3
8544 0
8545 0
8546 0
8547 0
8548 0
8549 2
8550 0
8551 0
8552 0
8553 0
8554 0
8555 1
8556 0
8557 0
8558 0
8559 1
8560 0
8561 0
8562 0
8563 0
8564 0
8565 0
8566 1
8567 0
8568 0
8569 0
8570 0
8571 1
8572 2
8573 0
8574 0
8575 0
8576 1
8577 0
8578 0
8579 0
8580 0
8581 0
8582 0
8583 0
8584 1
8585 0
8586 0
8587 0
8588 0
8589 1
8590 1
8591 0
8592 0
8593 2
8594 2
8595 1
8596 0
8597 0
8598 2
8599 0
8600 0
8601 0
8602 1
8603 0
8604 0
8605 1
8606 0
8607 0
8608 2
8609 0
8610 0
8611 0
8612 0
8613 1
8614 2
8615 2
8616 1
8617 1
8618 0
8619 0
8620 0
8621 1
8622 0
8623 0
8624 0
8625 0
8626 2
8627 1
8628 0
8629 2
8630 1
8631 1
8632 0
8633 0
8634 1
8635 0
8636 1
8637 2
8638 0
8639 0
8640 0
8641 1
8642 1
8643 0
8644 0
8645 0
8646 0
8647 0
8648 0
8649 1
8650 0
8651 3
8652 0
8653 1
8654 0
8655 0
8656 0
8657 1
8658 0
8659 0
8660 0
8661 0
8662 1
8663 1
8664 0
8665 0
8666 0
8667 1
8668 0
8669 0
8670 2
8671 2
8672 0
8673 0
8674 0
8675 0
8676 1
8677 0
8678 0
8679 1
8680 0
8681 0
8682 2
8683 1
8684 0
8685 1
8686 0
8687 2
8688 0
8689 1
8690 1
8691 1
8692 0
8693 0
8694 1
8695 0
8696 0
8697 2
8698 0
8699 1
8700 1
8701 0
8702 1
8703 0
8704 2
8705 0
8706 0
8707 0
8708 0
8709 0
8710 0
8711 0
8712 0
8713 0
8714 0
8715 2
8716 4
8717 0
8718 2
8719 0
8720 0
8721 0
8722 0
8723 0
8724 2
8725 0
8726 0
8727 0
8728 1
8729 0
8730 0
8731 0
8732 1
8733 1
8734 0
8735 1
8736 0
8737 0
8738 1
8739 0
8740 0
8741 0
8742 1
8743 0
8744 0
8745 1
8746 0
8747 0
8748 0
8749 2
8750 1
8751 1
8752 2
8753 0
8754 0
8755 1
8756 0
8757 0
8758 3
8759 1
8760 0
8761 0
8762 0
8763 1
8764 0
8765 1
8766 0
8767 0
8768 0
8769 0
8770 0
8771 1
8772 0
8773 0
8774 0
8775 0
8776 1
8777 0
8778 2
8779 0
8780 4
8781 1
8782 0
8783 1
8784 0
8785 1
8786 0
8787 0
8788 0
8789 3
8790 1
8791 0
8792 2
8793 0
8794 0
8795 0
8796 3
8797 0
8798 0
8799 0
8800 1
8801 1
8802 0
8803 2
8804 0
8805 0
8806 1
8807 1
8808 0
8809 0
8810 0
8811 0
8812 0
8813 1
8814 0
8815 0
8816 1
8817 3
8818 1
8819 1
8820 0
8821 3
8822 2
8823 0
8824 2
8825 0
8826 2
8827 0
8828 2
8829 0
8830 0
8831 0
8832 1
8833 1
8834 0
8835 1
8836 0
8837 0
8838 0
8839 0
8840 0
8841 1
8842 0
8843 1
8844 0
8845 2
8846 0
8847 0
8848 1
8849 0
8850 1
8851 0
8852 0
8853 0
8854 1
8855 0
8856 0
8857 0
8858 0
8859 0
8860 0
8861 0
8862 0
8863 1
8864 0
8865 0
8866 0
8867 0
8868 0
8869 0
8870 0
8871 0
8872 1
8873 1
8874 0
8875 0
8876 0
8877 0
8878 0
8879 0
8880 0
8881 1
8882 0
8883 1
8884 0
8885 0
8886 0
8887 0
8888 0
8889 1
8890 1
8891 0
8892 1
8893 0
8894 1
8895 2
8896 2
8897 0
8898 2
8899 0
8900 1
8901 0
8902 0
8903 0
8904 1
8905 0
8906 0
8907 0
8908 1
8909 0
8910 0
8911 0
8912 0
8913 0
8914 0
8915 0
8916 1
8917 0
8918 0
8919 1
8920 1
8921 1
8922 0
8923 1
8924 0
8925 0
8926 0
8927 0
8928 0
8929 0
8930 0
8931 0
8932 0
8933 0
8934 0
8935 0
8936 0
8937 0
8938 1
8939 0
8940 0
8941 0
8942 0
8943 0
8944 0
8945 0
8946 0
8947 2
8948 0
8949 2
8950 0
8951 0
8952 0
8953 0
8954 0
8955 0
8956 0
8957 2
8958 0
8959 0
8960 2
8961 0
8962 0
8963 2
8964 0
8965 1
8966 0
8967 2
8968 1
8969 1
8970 1
8971 1
8972 0
8973 0
8974 1
8975 0
8976 0
8977 0
8978 0
8979 1
8980 1
8981 1
8982 1
8983 0
8984 0
8985 0
8986 2
8987 0
8988 0
8989 1
8990 0
8991 0
8992 0
8993 0
8994 0
8995 0
8996 0
8997 1
8998 2
8999 0
9000 0
9001 0
9002 0
9003 0
9004 0
9005 2
9006 0
9007 0
9008 0
9009 2
9010 0
9011 1
9012 0
9013 1
9014 5
9015 0
9016 0
9017 1
9018 1
9019 0
9020 0
9021 2
9022 1
9023 2
9024 0
9025 0
9026 1
9027 0
9028 0
9029 0
9030 0
9031 0
9032 0
9033 0
9034 0
9035 1
9036 0
9037 0
9038 1
9039 0
9040 0
9041 0
9042 2
9043 0
9044 0
9045 0
9046 0
9047 1
9048 0
9049 0
9050 0
9051 1
9052 1
9053 1
9054 0
9055 0
9056 1
9057 0
9058 0
9059 0
9060 0
9061 0
9062 1
9063 1
9064 0
9065 1
9066 0
9067 0
9068 0
9069 0
9070 0
9071 0
9072 0
9073 3
9074 0
9075 3
9076 1
9077 0
9078 0
9079 2
9080 0
9081 1
9082 1
9083 0
9084 0
9085 0
9086 0
9087 0
9088 3
9089 1
9090 0
9091 0
9092 0
9093 0
9094 0
9095 1
9096 1
9097 0
9098 1
9099 0
9100 1
9101 0
9102 0
9103 0
9104 1
9105 0
9106 2
9107 0
9108 2
9109 3
9110 0
9111 2
9112 0
9113 0
9114 3
9115 0
9116 0
9117 0
9118 0
9119 4
9120 0
9121 0
9122 2
9123 0
9124 3
9125 1
9126 0
9127 0
9128 1
9129 0
9130 1
9131 1
9132 0
9133 0
9134 1
9135 0
9136 1
9137 0
9138 0
9139 0
9140 0
9141 0
9142 1
9143 0
9144 1
9145 0
9146 0
9147 0
9148 1
9149 3
9150 0
9151 0
9152 1
9153 0
9154 0
9155 0
9156 1
9157 1
9158 0
9159 0
9160 1
9161 0
9162 0
9163 0
9164 0
9165 0
9166 1
9167 0
9168 1
9169 0
9170 0
9171 0
9172 1
9173 1
9174 0
9175 0
9176 0
9177 0
9178 4
9179 0
9180 1
9181 0
9182 0
9183 0
9184 0
9185 2
9186 0
9187 0
9188 4
9189 0
9190 0
9191 1
9192 0
9193 1
9194 1
9195 5
9196 0
9197 3
9198 0
9199 0
9200 1
9201 0
9202 1
9203 0
9204 0
9205 0
9206 0
9207 0
9208 3
9209 0
9210 0
9211 0
9212 1
9213 0
9214 1
9215 0
9216 0
9217 0
9218 2
9219 3
9220 0
9221 0
9222 0
9223 1
9224 0
9225 2
9226 0
9227 0
9228 0
9229 0
9230 0
9231 0
9232 2
9233 0
9234 0
9235 0
9236 1
9237 4
9238 0
9239 0
9240 0
9241 0
9242 0
9243 0
9244 0
9245 1
9246 2
9247 1
9248 0
9249 0
9250 1
9251 0
9252 2
9253 1
9254 1
9255 0
9256 2
9257 0
9258 0
9259 0
9260 0
9261 0
9262 1
9263 1
9264 0
9265 2
9266 0
9267 1
9268 3
9269 0
9270 1
9271 0
9272 0
9273 0
9274 1
9275 0
9276 0
9277 0
9278 0
9279 1
9280 2
9281 0
9282 0
9283 1
9284 0
9285 0
9286 0
9287 0
9288 0
9289 0
9290 2
9291 1
9292 1
9293 0
9294 0
9295 1
9296 0
9297 0
9298 0
9299 0
9300 2
9301 0
9302 0
9303 0
9304 0
9305 0
9306 0
9307 1
9308 1
9309 0
9310 0
9311 1
9312 0
9313 1
9314 2
9315 0
9316 0
9317 1
9318 0
9319 1
9320 1
9321 3
9322 0
9323 0
9324 1
9325 1
9326 1
9327 1
9328 0
9329 0
9330 0
9331 0
9332 0
9333 1
9334 1
9335 0
9336 1
9337 0
9338 0
9339 0
9340 0
9341 0
9342 1
9343 0
9344 0
9345 1
9346 0
9347 1
9348 2
9349 0
9350 0
9351 0
9352 2
9353 0
9354 0
9355 0
9356 0
9357 0
9358 0
9359 1
9360 0
9361 2
9362 0
9363 1
9364 0
9365 1
9366 0
9367 0
9368 0
9369 1
9370 0
9371 1
9372 1
9373 2
9374 0
9375 1
9376 1
9377 2
9378 0
9379 0
9380 0
9381 0
9382 0
9383 0
9384 1
9385 0
9386 0
9387 0
9388 1
9389 1
9390 0
9391 0
9392 1
9393 0
9394 0
9395 0
9396 0
9397 1
9398 1
9399 3
9400 1
9401 2
9402 0
9403 0
9404 0
9405 0
9406 0
9407 0
9408 1
9409 0
9410 0
9411 0
9412 0
9413 3
9414 0
9415 1
9416 0
9417 1
9418 0
9419 0
9420 1
9421 1
9422 0
9423 0
9424 2
9425 0
9426 0
9427 0
9428 0
9429 1
9430 0
9431 0
9432 0
9433 5
9434 0
9435 0
9436 1
9437 0
9438 0
9439 0
9440 0
9441 1
9442 0
9443 0
9444 0
9445 0
9446 0
9447 1
9448 0
9449 1
9450 0
9451 0
9452 2
9453 0
9454 2
9455 0
9456 0
9457 0
9458 1
9459 0
9460 0
9461 1
9462 0
9463 0
9464 0
9465 0
9466 0
9467 0
9468 1
9469 1
9470 3
9471 0
9472 1
9473 0
9474 2
9475 0
9476 1
9477 0
9478 0
9479 0
9480 0
9481 0
9482 3
9483 0
9484 0
9485 0
9486 0
9487 0
9488 1
9489 0
9490 1
9491 0
9492 0
9493 1
9494 0
9495 0
9496 1
9497 0
9498 0
9499 0
9500 0
9501 0
9502 0
9503 2
9504 1
9505 0
9506 0
9507 0
9508 0
9509 1
9510 0
9511 0
9512 0
9513 0
9514 0
9515 0
9516 2
9517 0
9518 1
9519 0
9520 0
9521 1
9522 1
9523 0
9524 0
9525 0
9526 1
9527 0
9528 0
9529 0
9530 0
9531 0
9532 0
9533 1
9534 2
9535 0
9536 0
9537 1
9538 2
9539 0
9540 2
9541 1
9542 0
9543 0
9544 0
9545 0
9546 1
9547 2
9548 2
9549 0
9550 0
9551 0
9552 0
9553 1
9554 1
9555 1
9556 1
9557 0
9558 2
9559 0
9560 0
9561 0
9562 0
9563 0
9564 0
9565 0
9566 3
9567 1
9568 0
9569 1
9570 2
9571 0
9572 0
9573 0
9574 0
9575 0
9576 0
9577 1
9578 0
9579 2
9580 2
9581 0
9582 0
9583 1
9584 0
9585 1
9586 1
9587 0
9588 0
9589 1
9590 2
9591 2
9592 0
9593 0
9594 0
9595 3
9596 0
9597 2
9598 0
9599 0
9600 0
9601 0
9602 1
9603 0
9604 0
9605 6
9606 0
9607 0
9608 1
9609 0
9610 0
9611 0
9612 0
9613 0
9614 0
9615 1
9616 0
9617 1
9618 0
9619 0
9620 2
9621 0
9622 0
9623 0
9624 1
9625 0
9626 0
9627 0
9628 0
9629 0
9630 0
9631 0
9632 0
9633 1
9634 1
9635 0
9636 0
9637 0
9638 1
9639 0
9640 0
9641 0
9642 1
9643 0
9644 0
9645 0
9646 1
9647 0
9648 0
9649 0
9650 1
9651 1
9652 1
9653 1
9654 0
9655 0
9656 0
9657 0
9658 0
9659 1
9660 0
9661 1
9662 0
9663 0
9664 1
9665 0
9666 0
9667 0
9668 0
9669 4
9670 1
9671 0
9672 1
9673 0
9674 0
9675 0
9676 1
9677 0
9678 1
9679 0
9680 2
9681 0
9682 1
9683 0
9684 0
9685 0
9686 0
9687 0
9688 0
9689 0
9690 0
9691 0
9692 1
9693 1
9694 0
9695 0
9696 0
9697 0
9698 0
9699 0
9700 0
9701 0
9702 0
9703 2
9704 0
9705 2
9706 1
9707 0
9708 0
9709 0
9710 1
9711 1
9712 0
9713 0
9714 0
9715 0
9716 2
9717 0
9718 0
9719 1
9720 0
9721 0
9722 0
9723 0
9724 1
9725 0
9726 1
9727 0
9728 1
9729 0
9730 0
9731 0
9732 1
9733 2
9734 1
9735 0
9736 1
9737 0
9738 0
9739 0
9740 0
9741 0
9742 0
9743 0
9744 0
9745 0
9746 0
9747 3
9748 0
9749 0
9750 0
9751 0
9752 2
9753 0
9754 0
9755 1
9756 0
9757 1
9758 1
9759 0
9760 1
9761 2
9762 0
9763 0
9764 1
9765 0
9766 1
9767 0
9768 2
9769 0
9770 0
9771 1
9772 1
9773 1
9774 0
9775 1
9776 0
9777 0
9778 3
9779 1
9780 0
9781 1
9782 1
9783 0
9784 1
9785 2
9786 0
9787 0
9788 0
9789 0
9790 1
9791 0
9792 1
9793 1
9794 0
9795 0
9796 0
9797 1
9798 1
9799 0
9800 1
9801 0
9802 1
9803 0
9804 0
9805 0
9806 0
9807 0
9808 0
9809 0
9810 0
9811 2
9812 0
9813 0
9814 1
9815 0
9816 0
9817 0
9818 0
9819 0
9820 2
9821 0
9822 0
9823 0
9824 0
9825 0
9826 0
9827 0
9828 0
9829 0
9830 1
9831 0
9832 1
9833 0
9834 0
9835 0
9836 2
9837 1
9838 0
9839 1
9840 2
9841 0
9842 0
9843 3
9844 0
9845 1
9846 2
9847 0
9848 1
9849 0
9850 2
9851 1
9852 1
9853 0
9854 0
9855 0
9856 0
9857 0
9858 0
9859 3
9860 1
9861 0
9862 0
9863 1
9864 0
9865 0
9866 0
9867 1
9868 1
9869 1
9870 2
9871 1
9872 0
9873 0
9874 0
9875 0
9876 2
9877 0
9878 0
9879 1
9880 0
9881 0
9882 0
9883 0
9884 0
9885 0
9886 2
9887 1
9888 3
9889 0
9890 0
9891 0
9892 0
9893 0
9894 2
9895 0
9896 0
9897 1
9898 0
9899 0
9900 0
9901 1
9902 4
9903 0
9904 1
9905 0
9906 1
9907 0
9908 0
9909 0
9910 1
9911 1
9912 0
9913 0
9914 0
9915 0
9916 0
9917 1
9918 1
9919 0
9920 0
9921 0
9922 2
9923 1
9924 0
9925 0
9926 0
9927 0
9928 3
9929 0
9930 3
9931 1
9932 2
9933 0
9934 3
9935 0
9936 0
9937 1
9938 1
9939 0
9940 1
9941 3
9942 1
9943 0
9944 1
9945 0
9946 0
9947 1
9948 0
9949 0
9950 2
9951 1
9952 0
9953 0
9954 0
9955 0
9956 0
9957 1
9958 0
9959 0
9960 0
9961 1
9962 0
9963 0
9964 2
9965 0
9966 0
9967 0
9968 0
9969 2
9970 0
9971 0
9972 1
9973 0
9974 0
9975 1
9976 0
9977 0
9978 0
9979 0
9980 0
9981 0
9982 0
9983 0
9984 0
9985 0
9986 0
9987 3
9988 1
9989 1
9990 0
9991 0
9992 2
9993 0
9994 3
9995 0
9996 0
9997 0
9998 3
9999 0
10000 3
10001 2
10002 0
10003 0
10004 0
10005 0
10006 0
10007 0
10008 2
10009 0
10010 0
10011 1
10012 0
10013 0
10014 0
10015 0
10016 0
10017 0
10018 0
10019 0
10020 2
10021 0
10022 2
10023 1
10024 0
10025 0
10026 0
10027 2
10028 0
10029 0
10030 2
10031 1
10032 0
10033 2
10034 1
10035 1
10036 0
10037 0
10038 0
10039 2
10040 0
10041 1
10042 0
10043 0
10044 0
10045 0
10046 0
10047 0
10048 0
10049 0
10050 0
10051 0
10052 0
10053 1
10054 0
10055 0
10056 2
10057 3
10058 4
10059 1
10060 1
10061 1
10062 0
10063 2
10064 0
10065 0
10066 0
10067 0
10068 0
10069 2
10070 0
10071 2
10072 0
10073 0
10074 2
10075 1
10076 0
10077 1
10078 3
10079 0
10080 0
10081 0
10082 0
10083 0
10084 0
10085 0
10086 0
10087 1
10088 0
10089 0
10090 1
10091 0
10092 0
10093 0
10094 0
10095 0
10096 0
10097 0
10098 0
10099 0
10100 1
10101 0
10102 1
10103 0
10104 0
10105 2
10106 0
10107 0
10108 0
10109 0
10110 2
10111 0
10112 0
10113 2
10114 0
10115 0
10116 2
10117 0
10118 0
10119 1
10120 0
10121 0
10122 1
10123 3
10124 0
10125 1
10126 0
10127 1
10128 1
10129 0
10130 0
10131 0
10132 0
10133 0
10134 2
10135 1
10136 0
10137 0
10138 2
10139 1
10140 0
10141 0
10142 1
10143 1
10144 1
10145 0
10146 0
10147 0
10148 1
10149 0
10150 0
10151 0
10152 0
10153 2
10154 0
10155 1
10156 1
10157 0
10158 0
10159 0
10160 0
10161 2
10162 0
10163 1
10164 0
10165 0
10166 2
10167 2
10168 1
10169 0
10170 1
10171 0
10172 2
10173 0
10174 0
10175 0
10176 0
10177 0
10178 0
10179 2
10180 0
10181 0
10182 1
10183 0
10184 0
10185 0
10186 0
10187 1
10188 0
10189 2
10190 0
10191 1
10192 0
10193 0
10194 0
10195 0
10196 0
10197 2
10198 0
10199 2
10200 1
10201 0
10202 0
10203 0
10204 0
10205 0
10206 0
10207 0
10208 0
10209 0
10210 0
10211 0
10212 0
10213 0
10214 0
10215 0
10216 0
10217 0
10218 1
10219 0
10220 0
10221 0
10222 0
10223 0
10224 0
10225 0
10226 0
10227 1
10228 1
10229 0
10230 1
10231 1
10232 0
10233 0
10234 1
10235 1
10236 2
10237 0
10238 2
10239 0
10240 2
10241 3
10242 0
10243 0
10244 0
10245 1
10246 0
10247 0
10248 1
10249 0
10250 4
10251 0
10252 0
10253 0
10254 0
10255 2
10256 0
10257 0
10258 0
10259 0
10260 0
10261 0
10262 1
10263 0
10264 0
10265 1
10266 2
10267 0
10268 1
10269 0
10270 0
10271 0
10272 2
10273 0
10274 0
10275 0
10276 3
10277 0
10278 0
10279 1
10280 0
10281 0
10282 0
10283 0
10284 1
10285 1
10286 0
10287 0
10288 0
10289 1
10290 0
10291 0
10292 0
10293 2
10294 1
10295 0
10296 0
10297 0
10298 0
10299 0
10300 2
10301 0
10302 0
10303 0
10304 1
10305 0
10306 0
10307 0
10308 0
10309 0
10310 0
10311 0
10312 0
10313 0
10314 0
10315 0
10316 1
10317 0
10318 1
10319 0
10320 0
10321 0
10322 2
10323 1
10324 0
10325 2
10326 0
10327 0
10328 0
10329 0
10330 0
10331 0
10332 2
10333 0
10334 0
10335 2
10336 0
10337 0
10338 0
10339 0
10340 0
10341 1
10342 0
10343 1
10344 0
10345 4
10346 1
10347 1
10348 0
10349 0
10350 0
10351 0
10352 0
10353 0
10354 0
10355 0
10356 0
10357 1
10358 0
10359 0
10360 0
10361 0
10362 1
10363 0
10364 0
10365 0
10366 0
10367 0
10368 0
10369 0
10370 0
10371 0
10372 0
10373 0
10374 0
10375 0
10376 0
10377 0
10378 0
10379 1
10380 2
10381 0
10382 0
10383 1
10384 0
10385 0
10386 1
10387 0
10388 0
10389 0
10390 2
10391 0
10392 0
10393 1
10394 0
10395 0
10396 1
10397 0
10398 0
10399 3
10400 2
10401 0
10402 0
10403 0
10404 0
10405 0
10406 0
10407 0
10408 0
10409 1
10410 1
10411 3
10412 0
10413 1
10414 0
10415 2
10416 0
10417 0
10418 2
10419 0
10420 2
10421 0
10422 0
10423 0
10424 0
10425 1
10426 0
10427 1
10428 0
10429 0
10430 0
10431 0
10432 0
10433 1
10434 0
10435 0
10436 0
10437 0
10438 1
10439 0
10440 0
10441 0
10442 0
10443 0
10444 0
10445 0
10446 0
10447 1
10448 0
10449 1
10450 1
10451 1
10452 1
10453 0
10454 1
10455 0
10456 0
10457 0
10458 0
10459 2
10460 2
10461 1
10462 3
10463 0
10464 0
10465 1
10466 0
10467 0
10468 2
10469 1
10470 0
10471 0
10472 1
10473 0
10474 0
10475 2
10476 0
10477 0
10478 0
10479 0
10480 1
10481 0
10482 1
10483 0
10484 0
10485 0
10486 0
10487 0
10488 0
10489 1
10490 0
10491 0
10492 1
10493 3
10494 2
10495 0
10496 0
10497 0
10498 0
10499 0
10500 0
10501 1
10502 0
10503 0
10504 0
10505 0
10506 0
10507 1
10508 2
10509 0
10510 0
10511 0
10512 0
10513 0
10514 0
10515 1
10516 0
10517 0
10518 0
10519 0
10520 0
10521 0
10522 1
10523 2
10524 0
10525 0
10526 0
10527 2
10528 0
10529 0
10530 0
10531 0
10532 0
10533 1
10534 0
10535 0
10536 0
10537 0
10538 1
10539 0
10540 0
10541 0
10542 1
10543 0
10544 0
10545 0
10546 0
10547 0
10548 0
10549 0
10550 1
10551 1
10552 3
10553 0
10554 1
10555 0
10556 0
10557 0
10558 0
10559 0
10560 0
10561 0
10562 1
10563 0
10564 0
10565 0
10566 2
10567 0
10568 0
10569 0
10570 0
10571 0
10572 3
10573 1
10574 0
10575 0
10576 2
10577 0
10578 0
10579 0
10580 1
10581 0
10582 0
10583 1
10584 0
10585 0
10586 0
10587 2
10588 0
10589 0
10590 0
10591 2
10592 1
10593 3
10594 0
10595 0
10596 0
10597 0
10598 2
10599 0
10600 0
10601 0
10602 1
10603 0
10604 1
10605 0
10606 0
10607 1
10608 1
10609 2
10610 1
10611 0
10612 0
10613 0
10614 0
10615 0
10616 1
10617 0
10618 1
10619 0
10620 1
10621 2
10622 0
10623 0
10624 0
10625 0
10626 0
10627 0
10628 1
10629 0
10630 0
10631 0
10632 0
10633 0
10634 0
10635 0
10636 0
10637 2
10638 0
10639 0
10640 1
10641 1
10642 0
10643 0
10644 2
10645 1
10646 3
10647 0
10648 0
10649 0
10650 1
10651 0
10652 1
10653 0
10654 0
10655 1
10656 0
10657 0
10658 0
10659 3
10660 0
10661 0
10662 2
10663 1
10664 1
10665 0
10666 2
10667 1
10668 0
10669 0
10670 1
10671 0
10672 1
10673 0
10674 0
10675 0
10676 0
10677 0
10678 0
10679 2
10680 0
10681 0
10682 0
10683 2
10684 0
10685 0
10686 1
10687 0
10688 3
10689 0
10690 0
10691 2
10692 0
10693 1
10694 0
10695 0
10696 0
10697 1
10698 0
10699 1
10700 0
10701 0
10702 0
10703 0
10704 0
10705 0
10706 2
10707 0
10708 1
10709 3
10710 0
10711 0
10712 0
10713 1
10714 1
10715 1
10716 1
10717 0
10718 0
10719 0
10720 0
10721 0
10722 0
10723 1
10724 0
10725 0
10726 0
10727 0
10728 1
10729 2
10730 0
10731 0
10732 1
10733 0
10734 0
10735 2
10736 0
10737 0
10738 0
10739 0
10740 0
10741 0
10742 2
10743 0
10744 0
10745 2
10746 1
10747 0
10748 0
10749 0
10750 0
10751 0
10752 0
10753 0
10754 0
10755 0
10756 0
10757 0
10758 0
10759 0
10760 0
10761 0
10762 0
10763 0
10764 0
10765 0
10766 0
10767 0
10768 0
10769 0
10770 0
10771 1
10772 0
10773 0
10774 1
10775 0
10776 0
10777 0
10778 3
10779 1
10780 0
10781 0
10782 0
10783 0
10784 0
10785 1
10786 0
10787 0
10788 0
10789 0
10790 0
10791 1
10792 0
10793 0
10794 0
10795 0
10796 1
10797 2
10798 0
10799 0
10800 0
10801 1
10802 0
10803 0
10804 0
10805 1
10806 0
10807 0
10808 0
10809 1
10810 1
10811 0
10812 0
10813 0
10814 5
10815 2
10816 0
10817 0
10818 0
10819 2
10820 0
10821 0
10822 0
10823 0
10824 0
10825 1
10826 0
10827 0
10828 0
10829 0
10830 0
10831 1
10832 0
10833 0
10834 1
10835 1
10836 1
10837 0
10838 2
10839 0
10840 0
10841 0
10842 0
10843 2
10844 0
10845 0
10846 0
10847 0
10848 0
10849 0
10850 0
10851 0
10852 1
10853 0
10854 0
10855 0
10856 1
10857 0
10858 0
10859 0
10860 0
10861 0
10862 3
10863 0
10864 0
10865 1
10866 0
10867 1
10868 0
10869 1
10870 0
10871 0
10872 1
10873 0
10874 1
10875 1
10876 0
10877 1
10878 0
10879 0
10880 0
10881 0
10882 0
10883 0
10884 1
10885 0
10886 0
10887 1
10888 0
10889 0
10890 0
10891 0
10892 0
10893 0
10894 3
10895 0
10896 0
10897 0
10898 0
10899 0
10900 0
10901 0
10902 0
10903 0
10904 0
10905 2
10906 0
10907 0
10908 0
10909 0
10910 0
10911 1
10912 0
10913 1
10914 2
10915 0
10916 0
10917 0
10918 0
10919 0
10920 0
10921 1
10922 0
10923 0
10924 1
10925 1
10926 1
10927 1
10928 0
10929 4
10930 0
10931 0
10932 0
10933 0
10934 0
10935 0
10936 0
10937 0
10938 0
10939 0
10940 0
10941 1
10942 1
10943 1
10944 0
10945 0
10946 1
10947 0
10948 0
10949 2
10950 0
10951 0
10952 1
10953 2
10954 0
10955 0
10956 0
10957 0
10958 2
10959 0
10960 0
10961 0
10962 0
10963 1
10964 0
10965 0
10966 2
10967 0
10968 0
10969 0
10970 0
10971 2
10972 0
10973 0
10974 0
10975 1
10976 0
10977 0
10978 0
10979 3
10980 0
10981 0
10982 0
10983 0
10984 0
10985 0
10986 0
10987 0
10988 0
10989 1
10990 0
10991 0
10992 0
10993 1
10994 0
10995 0
10996 0
10997 1
10998 1
10999 0
11000 1
11001 1
11002 0
11003 1
11004 0
11005 1
11006 1
11007 3
11008 0
11009 3
11010 0
11011 0
11012 0
11013 1
11014 0
11015 0
11016 1
11017 0
11018 2
11019 1
11020 2
11021 1
11022 0
11023 1
11024 0
11025 0
11026 0
11027 0
11028 0
11029 0
11030 1
11031 2
11032 0
11033 1
11034 0
11035 0
11036 0
11037 1
11038 1
11039 0
11040 0
11041 0
11042 0
11043 0
11044 1
11045 0
11046 0
11047 2
11048 1
11049 1
11050 1
11051 0
11052 0
11053 1
11054 2
11055 2
11056 1
11057 0
11058 3
11059 0
11060 1
11061 0
11062 1
11063 1
11064 0
11065 0
11066 0
11067 1
11068 0
11069 0
11070 0
11071 0
11072 0
11073 0
11074 0
11075 2
11076 0
11077 1
11078 1
11079 0
11080 4
11081 1
11082 1
11083 0
11084 0
11085 1
11086 0
11087 0
11088 0
11089 1
11090 0
11091 0
11092 2
11093 0
11094 2
11095 1
11096 1
11097 2
11098 0
11099 0
11100 0
11101 0
11102 2
11103 0
11104 0
11105 0
11106 0
11107 1
11108 2
11109 0
11110 1
11111 0
11112 0
11113 1
11114 0
11115 1
11116 0
11117 0
11118 3
11119 1
11120 2
11121 0
11122 0
11123 0
11124 0
11125 1
11126 2
11127 0
11128 0
11129 3
11130 0
11131 0
11132 0
11133 0
11134 0
11135 1
11136 0
11137 0
11138 1
11139 0
11140 0
11141 0
11142 1
11143 0
11144 0
11145 0
11146 0
11147 0
11148 4
11149 1
11150 0
11151 0
11152 0
11153 0
11154 0
11155 1
11156 0
11157 1
11158 0
11159 0
11160 2
11161 0
11162 0
11163 0
11164 0
11165 0
11166 2
11167 0
11168 0
11169 0
11170 0
11171 0
11172 0
11173 0
11174 0
11175 0
11176 0
11177 3
11178 0
11179 0
11180 0
11181 0
11182 1
11183 1
11184 0
11185 0
11186 0
11187 1
11188 0
11189 0
11190 2
11191 1
11192 0
11193 0
11194 0
11195 1
11196 0
11197 0
11198 0
11199 2
11200 1
11201 0
11202 0
11203 0
11204 0
11205 0
11206 0
11207 1
11208 0
11209 0
11210 0
11211 0
11212 0
11213 0
11214 2
11215 0
11216 0
11217 0
11218 0
11219 2
11220 1
11221 0
11222 0
11223 0
11224 0
11225 0
11226 0
11227 0
11228 0
11229 0
11230 1
11231 0
11232 1
11233 2
11234 0
11235 1
11236 2
11237 2
11238 0
11239 0
11240 0
11241 0
11242 2
11243 0
11244 0
11245 2
11246 0
11247 2
11248 1
11249 0
11250 0
11251 2
11252 0
11253 0
11254 1
11255 0
11256 0
11257 0
11258 0
11259 1
11260 3
11261 1
11262 0
11263 1
11264 0
11265 0
11266 0
11267 0
11268 0
11269 0
11270 2
11271 1
11272 0
11273 0
11274 0
11275 1
11276 0
11277 0
11278 0
11279 1
11280 1
11281 0
11282 0
11283 2
11284 0
11285 0
11286 0
11287 0
11288 0
11289 1
11290 1
11291 0
11292 0
11293 1
11294 0
11295 0
11296 3
11297 0
11298 0
11299 0
11300 0
11301 0
11302 0
11303 0
11304 0
11305 2
11306 0
11307 0
11308 0
11309 0
11310 1
11311 0
11312 0
11313 0
11314 0
11315 0
11316 0
11317 2
11318 0
11319 0
11320 0
11321 0
11322 0
11323 0
11324 0
11325 0
11326 0
11327 0
11328 2
11329 0
11330 0
11331 2
11332 1
11333 0
11334 1
11335 0
11336 0
11337 0
11338 1
11339 0
11340 0
11341 0
11342 2
11343 0
11344 0
11345 0
11346 0
11347 1
11348 0
11349 0
11350 0
11351 0
11352 2
11353 0
11354 0
11355 1
11356 0
11357 0
11358 1
11359 0
11360 0
11361 0
11362 3
11363 0
11364 2
11365 0
11366 0
11367 1
11368 2
11369 0
11370 0
11371 1
11372 1
11373 0
11374 1
11375 1
11376 0
11377 1
11378 0
11379 0
11380 0
11381 3
11382 0
11383 0
11384 0
11385 0
11386 0
11387 1
11388 0
11389 1
11390 1
11391 1
11392 0
11393 2
11394 1
11395 4
11396 2
11397 0
11398 0
11399 1
11400 0
11401 0
11402 1
11403 0
11404 1
11405 0
11406 0
11407 0
11408 1
11409 0
11410 2
11411 0
11412 0
11413 0
11414 2
11415 0
11416 0
11417 0
11418 0
11419 0
11420 1
11421 3
11422 0
11423 0
11424 1
11425 0
11426 1
11427 0
11428 0
11429 0
11430 1
11431 0
11432 3
11433 1
11434 0
11435 1
11436 0
11437 0
11438 0
11439 0
11440 0
11441 0
11442 0
11443 0
11444 0
11445 0
11446 0
11447 0
11448 0
11449 1
11450 0
11451 0
11452 1
11453 1
11454 1
11455 0
11456 1
11457 1
11458 0
11459 0
11460 1
11461 0
11462 0
11463 0
11464 0
11465 2
11466 0
11467 0
11468 1
11469 0
11470 1
11471 0
11472 2
11473 0
11474 0
11475 0
11476 0
11477 1
11478 0
11479 0
11480 0
11481 0
11482 2
11483 2
11484 1
11485 1
11486 0
11487 0
11488 3
11489 0
11490 3
11491 0
11492 0
11493 0
11494 0
11495 0
11496 0
11497 0
11498 0
11499 1
11500 0
11501 0
11502 0
11503 0
11504 0
11505 0
11506 0
11507 0
11508 0
11509 0
11510 0
11511 0
11512 0
11513 1
11514 0
11515 1
11516 0
11517 1
11518 0
11519 0
11520 0
11521 1
11522 0
11523 0
11524 0
11525 0
11526 1
11527 0
11528 0
11529 0
11530 0
11531 0
11532 0
11533 0
11534 0
11535 0
11536 0
11537 0
11538 0
11539 1
11540 1
11541 0
11542 0
11543 0
11544 0
11545 1
11546 1
11547 0
11548 0
11549 0
11550 0
11551 0
11552 0
11553 0
11554 1
11555 0
11556 1
11557 0
11558 0
11559 0
11560 0
11561 0
11562 0
11563 0
11564 0
11565 0
11566 0
11567 0
11568 0
11569 0
11570 1
11571 0
11572 1
11573 0
11574 0
11575 0
11576 0
11577 0
11578 0
11579 0
11580 0
11581 0
11582 0
11583 0
11584 0
11585 0
11586 1
11587 0
11588 0
11589 0
11590 0
11591 0
11592 0
11593 0
11594 0
11595 1
11596 0
11597 0
11598 0
11599 2
11600 0
11601 0
11602 0
11603 0
11604 0
11605 2
11606 2
11607 0
11608 0
11609 0
11610 0
11611 0
11612 2
11613 2
11614 0
11615 0
11616 2
11617 0
11618 0
11619 0
11620 1
11621 2
11622 0
11623 1
11624 0
11625 0
11626 0
11627 1
11628 0
11629 0
11630 1
11631 0
11632 0
11633 1
11634 0
11635 0
11636 0
11637 1
11638 1
11639 1
11640 0
11641 3
11642 0
11643 2
11644 0
11645 0
11646 1
11647 0
11648 2
11649 0
11650 0
11651 0
11652 1
11653 0
11654 0
11655 1
11656 0
11657 0
11658 0
11659 0
11660 0
11661 1
11662 0
11663 0
11664 2
11665 1
11666 2
11667 1
11668 0
11669 0
11670 0
11671 1
11672 0
11673 0
11674 0
11675 0
11676 0
11677 1
11678 0
11679 0
11680 1
11681 2
11682 0
11683 0
11684 0
11685 0
11686 1
11687 0
11688 0
11689 1
11690 0
11691 1
11692 0
11693 0
11694 0
11695 0
11696 0
11697 0
11698 0
11699 0
11700 0
11701 0
11702 0
11703 0
11704 0
11705 0
11706 0
11707 3
11708 0
11709 0
11710 0
11711 0
11712 0
11713 1
11714 0
11715 1
11716 0
11717 3
11718 1
11719 0
11720 1
11721 0
11722 3
11723 0
11724 0
11725 0
11726 0
11727 0
11728 0
11729 0
11730 1
11731 0
11732 0
11733 0
11734 0
11735 1
11736 0
11737 2
11738 0
11739 2
11740 0
11741 0
11742 0
11743 1
11744 1
11745 2
11746 1
11747 0
11748 0
11749 0
11750 0
11751 1
11752 0
11753 0
11754 2
11755 0
11756 1
11757 0
11758 0
11759 0
11760 0
11761 0
11762 1
11763 0
11764 0
11765 0
11766 0
11767 0
11768 0
11769 1
11770 0
11771 0
11772 0
11773 2
11774 0
11775 1
11776 1
11777 0
11778 0
11779 0
11780 0
11781 0
11782 1
11783 0
11784 0
11785 1
11786 1
11787 0
11788 1
11789 0
11790 0
11791 0
11792 0
11793 0
11794 0
11795 1
11796 0
11797 2
11798 0
11799 0
11800 0
11801 0
11802 1
11803 0
11804 3
11805 3
11806 0
11807 0
11808 0
11809 0
11810 0
11811 0
11812 0
11813 0
11814 0
11815 0
11816 2
11817 0
11818 0
11819 0
11820 1
11821 0
11822 2
11823 1
11824 0
11825 3
11826 0
11827 0
11828 0
11829 0
11830 2
11831 0
11832 0
11833 1
11834 1
11835 0
11836 0
11837 0
11838 1
11839 1
11840 0
11841 0
11842 3
11843 0
11844 0
11845 0
11846 0
11847 1
11848 0
11849 0
11850 1
11851 1
11852 0
11853 0
11854 3
11855 0
11856 3
11857 0
11858 2
11859 2
11860 1
11861 1
11862 0
11863 1
11864 0
11865 0
11866 1
11867 0
11868 0
11869 2
11870 1
11871 2
11872 1
11873 0
11874 0
11875 1
11876 0
11877 1
11878 0
11879 0
11880 0
11881 0
11882 0
11883 1
11884 3
11885 0
11886 2
11887 0
11888 1
11889 0
11890 0
11891 0
11892 0
11893 1
11894 0
11895 0
11896 1
11897 0
11898 1
11899 0
11900 1
11901 0
11902 0
11903 0
11904 2
11905 0
11906 0
11907 1
11908 0
11909 0
11910 3
11911 0
11912 1
11913 0
11914 0
11915 0
11916 1
11917 0
11918 0
11919 0
11920 1
11921 0
11922 0
11923 0
11924 0
11925 0
11926 0
11927 0
11928 2
11929 0
11930 0
11931 2
11932 0
11933 0
11934 0
11935 2
11936 0
11937 0
11938 0
11939 0
11940 0
11941 0
11942 0
11943 0
11944 0
11945 0
11946 3
11947 1
11948 0
11949 3
11950 0
11951 0
11952 1
11953 1
11954 0
11955 0
11956 0
11957 0
11958 1
11959 0
11960 0
11961 0
11962 2
11963 1
11964 0
11965 0
11966 0
11967 1
11968 1
11969 3
11970 1
11971 0
11972 0
11973 0
11974 2
11975 0
11976 0
11977 1
11978 0
11979 0
11980 0
11981 1
11982 1
11983 0
11984 0
11985 0
11986 0
11987 1
11988 0
11989 1
11990 0
11991 1
11992 0
11993 1
11994 0
11995 1
11996 1
11997 0
11998 0
11999 0
12000 0
12001 2
12002 0
12003 0
12004 1
12005 0
12006 0
12007 0
12008 0
12009 0
12010 0
12011 0
12012 1
12013 0
12014 0
12015 2
12016 0
12017 0
12018 0
12019 0
12020 0
12021 2
12022 0
12023 1
12024 0
12025 0
12026 1
12027 0
12028 0
12029 0
12030 1
12031 1
12032 0
12033 0
12034 1
12035 1
12036 0
12037 3
12038 0
12039 2
12040 0
12041 0
12042 0
12043 0
12044 0
12045 1
12046 1
12047 1
12048 0
12049 0
12050 2
12051 1
12052 0
12053 0
12054 0
12055 0
12056 0
12057 0
12058 1
12059 0
12060 4
12061 0
12062 1
12063 0
12064 0
12065 0
12066 0
12067 0
12068 0
12069 0
12070 2
12071 0
12072 0
12073 1
12074 1
12075 0
12076 0
12077 0
12078 0
12079 1
12080 0
12081 0
12082 0
12083 0
12084 1
12085 1
12086 0
12087 1
12088 0
12089 0
12090 0
12091 0
12092 0
12093 0
12094 0
12095 0
12096 0
12097 0
12098 0
12099 0
12100 1
12101 1
12102 0
12103 0
12104 0
12105 0
12106 0
12107 1
12108 0
12109 0
12110 1
12111 0
12112 0
12113 0
12114 0
12115 0
12116 1
12117 2
12118 1
12119 1
12120 1
12121 0
12122 0
12123 0
12124 0
12125 2
12126 0
12127 0
12128 1
12129 1
12130 1
12131 0
12132 1
12133 0
12134 1
12135 1
12136 0
12137 1
12138 0
12139 0
12140 2
12141 1
12142 1
12143 1
12144 0
12145 0
12146 0
12147 1
12148 0
12149 0
12150 0
12151 0
12152 0
12153 1
12154 1
12155 0
12156 1
12157 0
12158 0
12159 0
12160 1
12161 0
12162 1
12163 0
12164 1
12165 0
12166 0
12167 2
12168 0
12169 0
12170 1
12171 0
12172 0
12173 0
12174 1
12175 3
12176 1
12177 0
12178 1
12179 0
12180 0
12181 0
12182 1
12183 0
12184 0
12185 0
12186 1
12187 2
12188 0
12189 0
12190 0
12191 0
12192 0
12193 0
12194 0
12195 0
12196 0
12197 0
12198 0
12199 1
12200 0
12201 0
12202 0
12203 0
12204 0
12205 0
12206 0
12207 1
12208 3
12209 0
12210 2
12211 0
12212 2
12213 1
12214 0
12215 0
12216 2
12217 0
12218 0
12219 0
12220 0
12221 0
12222 1
12223 0
12224 0
12225 0
12226 0
12227 0
12228 1
12229 0
12230 1
12231 0
12232 0
12233 1
12234 0
12235 0
12236 1
12237 1
12238 0
12239 0
12240 0
12241 1
12242 1
12243 2
12244 0
12245 0
12246 2
12247 0
12248 1
12249 0
12250 0
12251 2
12252 0
12253 0
12254 0
12255 0
12256 0
12257 0
12258 0
12259 0
12260 0
12261 2
12262 0
12263 1
12264 0
12265 0
12266 0
12267 0
12268 0
12269 0
12270 0
12271 0
12272 2
12273 0
12274 1
12275 0
12276 0
12277 0
12278 1
12279 0
12280 0
12281 0
12282 0
12283 0
12284 0
12285 0
12286 3
12287 0
12288 0
12289 0
12290 0
12291 1
12292 0
12293 0
12294 1
12295 1
12296 0
12297 3
12298 0
12299 1
12300 4
12301 2
12302 0
12303 1
12304 0
12305 0
12306 0
12307 0
12308 0
12309 1
12310 0
12311 0
12312 0
12313 0
12314 0
12315 0
12316 1
12317 1
12318 0
12319 1
12320 0
12321 3
12322 0
12323 1
12324 2
12325 0
12326 0
12327 0
12328 0
12329 0
12330 0
12331 0
12332 0
12333 0
12334 1
12335 4
12336 1
12337 0
12338 0
12339 0
12340 0
12341 1
12342 1
12343 0
12344 0
12345 0
12346 1
12347 1
12348 0
12349 1
12350 0
12351 3
12352 0
12353 0
12354 0
12355 0
12356 0
12357 0
12358 0
12359 0
12360 2
12361 0
12362 0
12363 1
12364 0
12365 1
12366 2
12367 0
12368 0
12369 1
12370 2
12371 0
12372 1
12373 1
12374 0
12375 0
12376 1
12377 0
12378 0
12379 0
12380 0
12381 0
12382 0
12383 1
12384 0
12385 1
12386 0
12387 0
12388 1
12389 0
12390 0
12391 0
12392 0
12393 0
12394 1
12395 0
12396 0
12397 2
12398 0
12399 1
12400 0
12401 0
12402 0
12403 1
12404 0
12405 0
12406 0
12407 1
12408 0
12409 1
12410 0
12411 0
12412 2
12413 0
12414 2
12415 0
12416 0
12417 0
12418 2
12419 0
12420 0
12421 1
12422 2
12423 0
12424 0
12425 0
12426 0
12427 2
12428 0
12429 0
12430 0
12431 0
12432 0
12433 0
12434 0
12435 0
12436 0
12437 1
12438 0
12439 0
12440 0
12441 0
12442 2
12443 0
12444 0
12445 0
12446 0
12447 0
12448 0
12449 0
12450 1
12451 0
12452 0
12453 0
12454 0
12455 0
12456 0
12457 1
12458 0
12459 1
12460 0
12461 0
12462 0
12463 1
12464 0
12465 1
12466 0
12467 0
12468 0
12469 0
12470 0
12471 0
12472 0
12473 0
12474 0
12475 1
12476 0
12477 0
12478 0
12479 1
12480 0
12481 0
12482 0
12483 0
12484 0
12485 0
12486 0
12487 0
12488 0
12489 0
12490 1
12491 0
12492 1
12493 0
12494 2
12495 0
12496 0
12497 1
12498 0
12499 2
12500 0
12501 3
12502 0
12503 0
12504 0
12505 0
12506 0
12507 1
12508 0
12509 2
12510 0
12511 2
12512 1
12513 2
12514 1
12515 1
12516 0
12517 1
12518 0
12519 0
12520 0
12521 0
12522 0
12523 0
12524 0
12525 0
12526 0
12527 1
12528 0
12529 0
12530 1
12531 0
12532 3
12533 0
12534 1
12535 0
12536 2
12537 0
12538 0
12539 1
12540 0
12541 0
12542 0
12543 1
12544 1
12545 0
12546 0
12547 3
12548 0
12549 4
12550 0
12551 0
12552 0
12553 0
12554 2
12555 2
12556 0
12557 4
12558 0
12559 0
12560 0
12561 0
12562 0
12563 1
12564 0
12565 0
12566 1
12567 0
12568 1
12569 1
12570 0
12571 0
12572 0
12573 2
12574 0
12575 0
12576 0
12577 0
12578 1
12579 0
12580 0
12581 0
12582 0
12583 0
12584 0
12585 2
12586 3
12587 0
12588 0
12589 0
12590 3
12591 0
12592 0
12593 0
12594 1
12595 1
12596 0
12597 1
12598 0
12599 0
12600 0
12601 1
12602 1
12603 0
12604 0
12605 0
12606 0
12607 0
12608 0
12609 0
12610 0
12611 0
12612 0
12613 0
12614 0
12615 0
12616 0
12617 0
12618 0
12619 0
12620 3
12621 0
12622 0
12623 0
12624 0
12625 0
12626 0
12627 0
12628 1
12629 0
12630 0
12631 0
12632 1
12633 0
12634 0
12635 0
12636 0
12637 0
12638 1
12639 0
12640 0
12641 1
12642 0
12643 1
12644 2
12645 0
12646 1
12647 0
12648 1
12649 0
12650 0
12651 0
12652 0
12653 0
12654 1
12655 1
12656 0
12657 0
12658 0
12659 0
12660 3
12661 0
12662 0
12663 1
12664 2
12665 1
12666 0
12667 0
12668 0
12669 0
12670 0
12671 0
12672 3
12673 2
12674 1
12675 0
12676 0
12677 0
12678 1
12679 0
12680 0
12681 0
12682 1
12683 1
12684 0
12685 1
12686 0
12687 0
12688 0
12689 0
12690 2
12691 0
12692 0
12693 1
12694 0
12695 2
12696 0
12697 1
12698 0
12699 1
12700 0
12701 0
12702 0
12703 1
12704 2
12705 0
12706 1
12707 0
12708 0
12709 0
12710 0
12711 2
12712 0
12713 0
12714 2
12715 0
12716 0
12717 2
12718 0
12719 0
12720 3
12721 1
12722 4
12723 0
12724 0
12725 0
12726 1
12727 0
12728 2
12729 0
12730 0
12731 0
12732 1
12733 0
12734 0
12735 0
12736 1
12737 0
12738 2
12739 0
12740 0
12741 2
12742 1
12743 0
12744 0
12745 0
12746 0
12747 1
12748 0
12749 0
12750 1
12751 0
12752 0
12753 0
12754 1
12755 0
12756 0
12757 0
12758 1
12759 0
12760 0
12761 0
12762 0
12763 0
12764 0
12765 1
12766 0
12767 0
12768 0
12769 0
12770 1
12771 1
12772 0
12773 0
12774 1
12775 1
12776 0
12777 2
12778 0
12779 1
12780 0
12781 1
12782 1
12783 0
12784 1
12785 0
12786 1
12787 0
12788 0
12789 2
12790 1
12791 0
12792 2
12793 0
12794 1
12795 0
12796 0
12797 2
12798 1
12799 0
12800 0
12801 3
12802 0
12803 0
12804 0
12805 0
12806 0
12807 0
12808 1
12809 0
12810 0
12811 0
12812 0
12813 0
12814 0
12815 1
12816 0
12817 0
12818 0
12819 1
12820 0
12821 0
12822 0
12823 0
12824 0
12825 2
12826 1
12827 0
12828 0
12829 0
12830 2
12831 0
12832 1
12833 0
12834 1
12835 1
12836 2
12837 1
12838 1
12839 0
12840 0
12841 2
12842 0
12843 0
12844 0
12845 0
12846 0
12847 1
12848 1
12849 0
12850 0
12851 6
12852 0
12853 1
12854 1
12855 2
12856 0
12857 2
12858 0
12859 2
12860 0
12861 0
12862 0
12863 0
12864 1
12865 0
12866 0
12867 0
12868 0
12869 0
12870 2
12871 0
12872 0
12873 0
12874 0
12875 3
12876 0
12877 1
12878 0
12879 3
12880 1
12881 2
12882 1
12883 1
12884 0
12885 0
12886 0
12887 0
12888 0
12889 0
12890 1
12891 1
12892 0
12893 0
12894 1
12895 1
12896 2
12897 2
12898 0
12899 3
12900 2
12901 0
12902 1
12903 0
12904 0
12905 0
12906 0
12907 0
12908 0
12909 0
12910 2
12911 0
12912 1
12913 1
12914 4
12915 1
12916 0
12917 1
12918 0
12919 2
12920 2
12921 0
12922 0
12923 0
12924 0
12925 1
12926 0
12927 0
12928 0
12929 0
12930 0
12931 0
12932 0
12933 0
12934 0
12935 0
12936 1
12937 0
12938 2
12939 0
12940 0
12941 1
12942 0
12943 1
12944 0
12945 0
12946 0
12947 0
12948 0
12949 0
12950 0
12951 0
12952 0
12953 0
12954 2
12955 0
12956 3
12957 1
12958 3
12959 0
12960 0
12961 1
12962 0
12963 0
12964 0
12965 1
12966 0
12967 0
12968 0
12969 0
12970 0
12971 0
12972 1
12973 0
12974 0
12975 0
12976 1
12977 0
12978 0
12979 3
12980 1
12981 1
12982 0
12983 4
12984 0
12985 0
12986 0
12987 1
12988 0
12989 2
12990 0
12991 0
12992 0
12993 0
12994 2
12995 0
12996 2
12997 1
12998 0
12999 0
13000 0
13001 0
13002 3
13003 0
13004 0
13005 2
13006 0
13007 0
13008 0
13009 1
13010 0
13011 0
13012 0
13013 0
13014 0
13015 0
13016 0
13017 3
13018 0
13019 1
13020 0
13021 0
13022 2
13023 0
13024 0
13025 0
13026 3
13027 0
13028 1
13029 0
13030 1
13031 0
13032 1
13033 0
13034 0
13035 1
13036 0
13037 0
13038 0
13039 1
13040 1
13041 1
13042 0
13043 0
13044 0
13045 1
13046 1
13047 0
13048 0
13049 0
13050 0
13051 0
13052 0
13053 0
13054 0
13055 1
13056 0
13057 0
13058 0
13059 0
13060 0
13061 0
13062 1
13063 1
13064 0
13065 1
13066 0
13067 0
13068 0
13069 0
13070 1
13071 0
13072 0
13073 0
13074 1
13075 0
13076 0
13077 1
13078 1
13079 0
13080 0
13081 1
13082 1
13083 0
13084 0
13085 0
13086 1
13087 0
13088 0
13089 1
13090 1
13091 0
13092 0
13093 0
13094 0
13095 0
13096 0
13097 0
13098 0
13099 0
13100 0
13101 0
13102 0
13103 0
13104 0
13105 0
13106 0
13107 1
13108 0
13109 1
13110 0
13111 0
13112 1
13113 0
13114 0
13115 0
13116 1
13117 0
13118 0
13119 0
13120 0
13121 0
13122 0
13123 0
13124 0
13125 2
13126 0
13127 0
13128 0
13129 0
13130 0
13131 0
13132 0
13133 1
13134 0
13135 1
13136 0
13137 0
13138 1
13139 1
13140 1
13141 0
13142 0
13143 1
13144 2
13145 0
13146 0
13147 0
13148 0
13149 0
13150 1
13151 0
13152 0
13153 0
13154 0
13155 4
13156 0
13157 2
13158 0
13159 0
13160 0
13161 0
13162 0
13163 1
13164 1
13165 0
13166 0
13167 2
13168 0
13169 0
13170 2
13171 2
13172 0
13173 0
13174 0
13175 2
13176 3
13177 0
13178 1
13179 0
13180 0
13181 0
13182 0
13183 1
13184 0
13185 0
13186 0
13187 0
13188 3
13189 1
13190 2
13191 0
13192 0
13193 0
13194 0
13195 0
13196 0
13197 0
13198 0
13199 0
13200 0
13201 0
13202 0
13203 0
13204 0
13205 0
13206 1
13207 2
13208 0
13209 0
13210 0
13211 0
13212 0
13213 0
13214 1
13215 0
13216 0
13217 0
13218 3
13219 1
13220 0
13221 0
13222 0
13223 0
13224 0
13225 0
13226 3
13227 0
13228 0
13229 4
13230 0
13231 0
13232 0
13233 0
13234 0
13235 0
13236 0
13237 0
13238 0
13239 0
13240 1
13241 0
13242 1
13243 0
13244 2
13245 3
13246 0
13247 2
13248 1
13249 0
13250 1
13251 0
13252 1
13253 0
13254 2
13255 1
13256 0
13257 0
13258 0
13259 1
13260 0
13261 0
13262 0
13263 1
13264 1
13265 1
13266 1
13267 1
13268 0
13269 0
13270 0
13271 0
13272 1
13273 0
13274 1
13275 0
13276 0
13277 0
13278 0
13279 0
13280 1
13281 2
13282 0
13283 2
13284 0
13285 0
13286 0
13287 0
13288 1
13289 2
13290 0
13291 0
13292 2
13293 0
13294 0
13295 0
13296 0
13297 0
13298 1
13299 0
13300 0
13301 0
13302 0
13303 0
13304 0
13305 1
13306 0
13307 3
13308 0
13309 0
13310 0
13311 2
13312 0
13313 0
13314 0
13315 0
13316 0
13317 0
13318 0
13319 0
13320 0
13321 2
13322 1
13323 1
13324 0
13325 0
13326 1
13327 2
13328 0
13329 0
13330 0
13331 0
13332 0
13333 1
13334 1
13335 0
13336 2
13337 1
13338 3
13339 0
13340 0
13341 0
13342 0
13343 0
13344 1
13345 0
13346 0
13347 0
13348 0
13349 0
13350 0
13351 0
13352 0
13353 2
13354 0
13355 2
13356 0
13357 0
13358 0
13359 1
13360 1
13361 0
13362 0
13363 0
13364 0
13365 0
13366 0
13367 2
13368 0
13369 0
13370 1
13371 2
13372 0
13373 1
13374 0
13375 0
13376 0
13377 1
13378 1
13379 0
13380 1
13381 0
13382 0
13383 0
13384 0
13385 1
13386 1
13387 0
13388 0
13389 1
13390 0
13391 0
13392 0
13393 0
13394 0
13395 0
13396 0
13397 1
13398 1
13399 0
13400 0
13401 1
13402 0
13403 1
13404 0
13405 0
13406 0
13407 4
13408 0
13409 2
13410 0
13411 1
13412 0
13413 0
13414 0
13415 0
13416 2
13417 0
13418 0
13419 3
13420 1
13421 1
13422 0
13423 1
13424 1
13425 0
13426 0
13427 0
13428 0
13429 3
13430 1
13431 0
13432 0
13433 0
13434 0
13435 1
13436 0
13437 0
13438 1
13439 0
13440 0
13441 1
13442 0
13443 1
13444 0
13445 0
13446 0
13447 2
13448 0
13449 1
13450 0
13451 0
13452 0
13453 1
13454 0
13455 0
13456 0
13457 0
13458 0
13459 0
13460 1
13461 2
13462 3
13463 2
13464 0
13465 0
13466 0
13467 0
13468 0
13469 1
13470 2
13471 0
13472 1
13473 0
13474 0
13475 1
13476 0
13477 0
13478 0
13479 0
13480 1
13481 1
13482 0
13483 0
13484 1
13485 1
13486 1
13487 0
13488 0
13489 1
13490 0
13491 1
13492 2
13493 0
13494 0
13495 1
13496 0
13497 2
13498 0
13499 0
13500 1
13501 0
13502 0
13503 0
13504 0
13505 0
13506 1
13507 0
13508 2
13509 0
13510 0
13511 0
13512 1
13513 0
13514 0
13515 0
13516 0
13517 0
13518 0
13519 0
13520 1
13521 0
13522 1
13523 0
13524 1
13525 2
13526 2
13527 0
13528 0
13529 2
13530 1
13531 0
13532 2
13533 0
13534 0
13535 0
13536 2
13537 0
13538 0
13539 0
13540 1
13541 2
13542 0
13543 0
13544 0
13545 0
13546 0
13547 1
13548 0
13549 0
13550 0
13551 2
13552 0
13553 0
13554 0
13555 0
13556 0
13557 0
13558 0
13559 0
13560 0
13561 0
13562 0
13563 0
13564 0
13565 1
13566 1
13567 0
13568 0
13569 0
13570 0
13571 1
13572 0
13573 0
13574 2
13575 2
13576 1
13577 0
13578 0
13579 0
13580 0
13581 0
13582 2
13583 1
13584 0
13585 3
13586 1
13587 0
13588 1
13589 0
13590 2
13591 1
13592 0
13593 0
13594 1
13595 0
13596 0
13597 0
13598 0
13599 0
13600 0
13601 0
13602 1
13603 2
13604 0
13605 0
13606 1
13607 0
13608 0
13609 1
13610 0
13611 1
13612 0
13613 0
13614 0
13615 1
13616 0
13617 0
13618 1
13619 2
13620 0
13621 0
13622 2
13623 0
13624 0
13625 0
13626 1
13627 0
13628 0
13629 0
13630 0
13631 0
13632 1
13633 0
13634 0
13635 0
13636 0
13637 0
13638 0
13639 0
13640 0
13641 1
13642 0
13643 1
13644 2
13645 1
13646 0
13647 2
13648 0
13649 3
13650 0
13651 0
13652 0
13653 0
13654 2
13655 0
13656 2
13657 2
13658 0
13659 0
13660 1
13661 0
13662 0
13663 2
13664 0
13665 0
13666 1
13667 0
13668 1
13669 0
13670 2
13671 0
13672 1
13673 0
13674 0
13675 2
13676 1
13677 0
13678 5
13679 0
13680 0
13681 0
13682 0
13683 0
13684 2
13685 0
13686 0
13687 1
13688 0
13689 0
13690 1
13691 0
13692 0
13693 0
13694 0
13695 0
13696 0
13697 0
13698 1
13699 2
13700 2
13701 0
13702 0
13703 1
13704 1
13705 1
13706 0
13707 0
13708 0
13709 1
13710 0
13711 0
13712 0
13713 1
13714 0
13715 0
13716 0
13717 0
13718 0
13719 0
13720 1
13721 0
13722 0
13723 0
13724 0
13725 0
13726 2
13727 1
13728 0
13729 1
13730 0
13731 0
13732 0
13733 0
13734 1
13735 0
13736 1
13737 0
13738 0
13739 0
13740 1
13741 1
13742 0
13743 1
13744 0
13745 0
13746 0
13747 1
13748 0
13749 0
13750 0
13751 0
13752 0
13753 1
13754 0
13755 0
13756 1
13757 0
13758 1
13759 1
13760 0
13761 0
13762 0
13763 0
13764 0
13765 0
13766 0
13767 1
13768 0
13769 2
13770 0
13771 0
13772 1
13773 1
13774 1
13775 0
13776 1
13777 2
13778 1
13779 1
13780 1
13781 2
13782 0
13783 0
13784 1
13785 0
13786 0
13787 0
13788 0
13789 0
13790 0
13791 0
13792 0
13793 0
13794 1
13795 0
13796 0
13797 0
13798 0
13799 3
13800 0
13801 0
13802 0
13803 0
13804 0
13805 0
13806 0
13807 0
13808 2
13809 0
13810 0
13811 1
13812 1
13813 1
13814 0
13815 0
13816 0
13817 0
13818 0
13819 0
13820 2
13821 0
13822 0
13823 1
13824 0
13825 0
13826 0
13827 0
13828 0
13829 0
13830 0
13831 0
13832 2
13833 0
13834 0
13835 0
13836 2
13837 0
13838 0
13839 0
13840 0
13841 0
13842 0
13843 0
13844 1
13845 1
13846 0
13847 2
13848 0
13849 0
13850 0
13851 0
13852 1
13853 1
13854 3
13855 0
13856 0
13857 0
13858 0
13859 0
13860 0
13861 0
13862 0
13863 2
13864 2
13865 1
13866 0
13867 0
13868 0
13869 0
13870 0
13871 2
13872 0
13873 1
13874 0
13875 0
13876 0
13877 0
13878 1
13879 0
13880 0
13881 0
13882 0
13883 1
13884 0
13885 0
13886 1
13887 1
13888 0
13889 0
13890 0
13891 0
13892 0
13893 0
13894 0
13895 0
13896 0
13897 0
13898 1
13899 1
13900 0
13901 1
13902 0
13903 0
13904 0
13905 0
13906 0
13907 0
13908 0
13909 0
13910 0
13911 3
13912 0
13913 2
13914 1
13915 0
13916 3
13917 0
13918 0
13919 0
13920 1
13921 1
13922 1
13923 0
13924 0
13925 1
13926 1
13927 0
13928 1
13929 0
13930 0
13931 0
13932 0
13933 0
13934 0
13935 0
13936 0
13937 0
13938 0
13939 0
13940 0
13941 1
13942 2
13943 0
13944 0
13945 0
13946 0
13947 0
13948 1
13949 0
13950 0
13951 0
13952 0
13953 1
13954 1
13955 1
13956 0
13957 0
13958 0
13959 0
13960 0
13961 0
13962 1
13963 0
13964 1
13965 0
13966 0
13967 0
13968 0
13969 0
13970 0
13971 0
13972 0
13973 1
13974 0
13975 0
13976 0
13977 0
13978 1
13979 0
13980 0
13981 0
13982 0
13983 0
13984 1
13985 0
13986 0
13987 0
13988 0
13989 2
13990 1
13991 0
13992 0
13993 1
13994 0
13995 0
13996 1
13997 2
13998 1
13999 0
14000 0
14001 1
14002 0
14003 0
14004 2
14005 0
14006 1
14007 1
14008 0
14009 0
14010 0
14011 1
14012 0
14013 0
14014 0
14015 0
14016 1
14017 1
14018 2
14019 4
14020 0
14021 0
14022 0
14023 0
14024 0
14025 0
14026 0
14027 1
14028 0
14029 0
14030 0
14031 0
14032 0
14033 0
14034 1
14035 0
14036 0
14037 0
14038 1
14039 0
14040 0
14041 0
14042 1
14043 0
14044 0
14045 0
14046 0
14047 1
14048 2
14049 0
14050 0
14051 1
14052 1
14053 0
14054 0
14055 3
14056 0
14057 0
14058 0
14059 0
14060 1
14061 0
14062 0
14063 5
14064 0
14065 0
14066 1
14067 1
14068 0
14069 0
14070 0
14071 0
14072 1
14073 0
14074 0
14075 1
14076 0
14077 2
14078 0
14079 1
14080 0
14081 0
14082 2
14083 0
14084 0
14085 1
14086 0
14087 0
14088 0
14089 0
14090 0
14091 1
14092 1
14093 0
14094 0
14095 1
14096 0
14097 3
14098 0
14099 1
14100 0
14101 2
14102 1
14103 2
14104 1
14105 0
14106 0
14107 0
14108 1
14109 4
14110 0
14111 0
14112 1
14113 0
14114 3
14115 0
14116 0
14117 0
14118 1
14119 1
14120 0
14121 0
14122 1
14123 1
14124 0
14125 0
14126 0
14127 0
14128 0
14129 0
14130 2
14131 0
14132 1
14133 1
14134 1
14135 3
14136 1
14137 0
14138 1
14139 1
14140 2
14141 1
14142 0
14143 1
14144 0
14145 3
14146 3
14147 0
14148 1
14149 1
14150 0
14151 1
14152 2
14153 1
14154 0
14155 0
14156 0
14157 0
14158 0
14159 1
14160 0
14161 0
14162 0
14163 1
14164 0
14165 0
14166 0
14167 0
14168 2
14169 0
14170 1
14171 0
14172 0
14173 0
14174 1
14175 1
14176 0
14177 0
14178 0
14179 1
14180 0
14181 0
14182 0
14183 0
14184 0
14185 0
14186 0
14187 1
14188 1
14189 1
14190 1
14191 0
14192 2
14193 0
14194 0
14195 1
14196 0
14197 0
14198 0
14199 1
14200 0
14201 2
14202 0
14203 0
14204 0
14205 0
14206 0
14207 1
14208 1
14209 0
14210 0
14211 0
14212 0
14213 3
14214 1
14215 0
14216 1
14217 1
14218 0
14219 0
14220 0
14221 0
14222 0
14223 0
14224 0
14225 0
14226 0
14227 0
14228 2
14229 0
14230 0
14231 0
14232 0
14233 0
14234 1
14235 0
14236 2
14237 2
14238 0
14239 2
14240 1
14241 0
14242 1
14243 1
14244 0
14245 0
14246 1
14247 1
14248 1
14249 0
14250 1
14251 0
14252 0
14253 0
14254 2
14255 1
14256 0
14257 0
14258 0
14259 3
14260 0
14261 1
14262 0
14263 1
14264 0
14265 0
14266 0
14267 0
14268 0
14269 1
14270 0
14271 0
14272 0
14273 1
14274 0
14275 2
14276 1
14277 2
14278 0
14279 1
14280 1
14281 0
14282 0
14283 1
14284 0
14285 0
14286 0
14287 1
14288 1
14289 0
14290 0
14291 3
14292 0
14293 0
14294 0
14295 1
14296 0
14297 0
14298 0
14299 0
14300 0
14301 0
14302 0
14303 1
14304 0
14305 1
14306 0
14307 1
14308 0
14309 4
14310 2
14311 0
14312 0
14313 1
14314 0
14315 0
14316 1
14317 0
14318 0
14319 0
14320 0
14321 0
14322 0
14323 1
14324 0
14325 0
14326 1
14327 0
14328 1
14329 1
14330 1
14331 0
14332 2
14333 0
14334 1
14335 0
14336 0
14337 4
14338 1
14339 4
14340 1
14341 0
14342 1
14343 0
14344 0
14345 0
14346 0
14347 1
14348 0
14349 2
14350 0
14351 0
14352 0
14353 1
14354 3
14355 0
14356 0
14357 2
14358 0
14359 1
14360 0
14361 0
14362 1
14363 0
14364 0
14365 0
14366 0
14367 1
14368 2
14369 0
14370 1
14371 2
14372 0
14373 0
14374 0
14375 1
14376 0
14377 0
14378 0
14379 0
14380 0
14381 0
14382 0
14383 1
14384 0
14385 0
14386 0
14387 0
14388 0
14389 0
14390 0
14391 0
14392 1
14393 0
14394 0
14395 0
14396 0
14397 0
14398 0
14399 0
14400 0
14401 0
14402 0
14403 0
14404 1
14405 0
14406 0
14407 0
14408 0
14409 0
14410 3
14411 0
14412 0
14413 0
14414 0
14415 0
14416 1
14417 1
14418 0
14419 0
14420 0
14421 0
14422 2
14423 0
14424 0
14425 0
14426 0
14427 0
14428 0
14429 2
14430 0
14431 0
14432 0
14433 1
14434 0
14435 0
14436 1
14437 0
14438 0
14439 3
14440 0
14441 0
14442 0
14443 3
14444 0
14445 0
14446 1
14447 0
14448 0
14449 1
14450 0
14451 0
14452 0
14453 0
14454 0
14455 0
14456 0
14457 0
14458 1
14459 0
14460 0
14461 0
14462 2
14463 1
14464 0
14465 0
14466 0
14467 0
14468 0
14469 0
14470 0
14471 0
14472 0
14473 0
14474 0
14475 0
14476 0
14477 0
14478 0
14479 0
14480 1
14481 1
14482 0
14483 0
14484 0
14485 1
14486 0
14487 0
14488 0
14489 0
14490 0
14491 1
14492 1
14493 0
14494 0
14495 0
14496 0
14497 0
14498 0
14499 0
14500 1
14501 0
14502 0
14503 0
14504 2
14505 1
14506 3
14507 0
14508 0
14509 0
14510 0
14511 0
14512 1
14513 1
14514 0
14515 0
14516 0
14517 0
14518 2
14519 0
14520 0
14521 0
14522 0
14523 0
14524 0
14525 0
14526 0
14527 0
14528 0
14529 0
14530 0
14531 0
14532 0
14533 0
14534 0
14535 0
14536 0
14537 0
14538 2
14539 0
14540 1
14541 0
14542 0
14543 2
14544 0
14545 1
14546 0
14547 3
14548 1
14549 1
14550 0
14551 0
14552 0
14553 0
14554 0
14555 0
14556 0
14557 1
14558 0
14559 1
14560 0
14561 1
14562 0
14563 0
14564 0
14565 0
14566 0
14567 0
14568 3
14569 0
14570 0
14571 0
14572 0
14573 0
14574 0
14575 1
14576 1
14577 1
14578 1
14579 0
14580 0
14581 0
14582 0
14583 1
14584 0
14585 0
14586 1
14587 0
14588 1
14589 0
14590 0
14591 0
14592 0
14593 0
14594 0
14595 0
14596 2
14597 0
14598 0
14599 0
14600 0
14601 0
14602 0
14603 2
14604 0
14605 0
14606 0
14607 2
14608 0
14609 0
14610 0
14611 1
14612 0
14613 0
14614 1
14615 0
14616 0
14617 0
14618 0
14619 0
14620 0
14621 2
14622 1
14623 1
14624 0
14625 0
14626 0
14627 0
14628 0
14629 0
14630 0
14631 0
14632 0
14633 0
14634 1
14635 0
14636 0
14637 1
14638 2
14639 1
14640 1
14641 0
14642 3
14643 0
14644 0
14645 0
14646 0
14647 0
14648 3
14649 0
14650 0
14651 0
14652 1
14653 0
14654 0
14655 1
14656 2
14657 0
14658 0
14659 0
14660 1
14661 0
14662 0
14663 0
14664 1
14665 2
14666 0
14667 0
14668 0
14669 1
14670 0
14671 0
14672 3
14673 0
14674 0
14675 0
14676 0
14677 0
14678 0
14679 0
14680 0
14681 3
14682 0
14683 0
14684 1
14685 1
14686 0
14687 0
14688 1
14689 2
14690 1
14691 0
14692 0
14693 1
14694 0
14695 0
14696 0
14697 3
14698 0
14699 0
14700 0
14701 0
14702 0
14703 1
14704 0
14705 0
14706 0
14707 0
14708 1
14709 1
14710 0
14711 0
14712 0
14713 0
14714 0
14715 2
14716 0
14717 0
14718 0
14719 0
14720 0
14721 3
14722 0
14723 0
14724 1
14725 0
14726 0
14727 0
14728 1
14729 0
14730 0
14731 0
14732 0
14733 3
14734 0
14735 0
14736 0
14737 0
14738 0
14739 0
14740 0
14741 0
14742 3
14743 0
14744 0
14745 0
14746 2
14747 0
14748 0
14749 0
14750 0
14751 0
14752 0
14753 0
14754 0
14755 2
14756 3
14757 0
14758 2
14759 1
14760 0
14761 2
14762 0
14763 2
14764 0
14765 0
14766 1
14767 0
14768 0
14769 1
14770 0
14771 0
14772 0
14773 0
14774 0
14775 3
14776 0
14777 0
14778 0
14779 0
14780 1
14781 0
14782 0
14783 0
14784 1
14785 0
14786 0
14787 0
14788 0
14789 0
14790 0
14791 1
14792 0
14793 0
14794 2
14795 0
14796 0
14797 0
14798 1
14799 1
14800 0
14801 0
14802 0
14803 0
14804 0
14805 0
14806 2
14807 0
14808 0
14809 1
14810 0
14811 2
14812 0
14813 0
14814 0
14815 1
14816 0
14817 0
14818 0
14819 0
14820 0
14821 0
14822 1
14823 1
14824 0
14825 0
14826 2
14827 1
14828 0
14829 0
14830 0
14831 0
14832 0
14833 2
14834 1
14835 0
14836 0
14837 1
14838 0
14839 0
14840 0
14841 0
14842 0
14843 1
14844 0
14845 0
14846 0
14847 0
14848 0
14849 0
14850 0
14851 0
14852 1
14853 3
14854 0
14855 0
14856 1
14857 0
14858 0
14859 1
14860 1
14861 0
14862 0
14863 0
14864 1
14865 1
14866 0
14867 0
14868 0
14869 0
14870 1
14871 1
14872 1
14873 0
14874 0
14875 1
14876 0
14877 2
14878 0
14879 0
14880 2
14881 2
14882 0
14883 0
14884 0
14885 0
14886 1
14887 2
14888 0
14889 0
14890 0
14891 1
14892 0
14893 0
14894 0
14895 0
14896 2
14897 1
14898 2
14899 0
14900 0
14901 0
14902 0
14903 0
14904 1
14905 0
14906 0
14907 1
14908 3
14909 0
14910 0
14911 0
14912 0
14913 0
14914 0
14915 1
14916 0
14917 0
14918 0
14919 1
14920 0
14921 3
14922 0
14923 2
14924 1
14925 1
14926 0
14927 1
14928 0
14929 0
14930 0
14931 0
14932 0
14933 0
14934 0
14935 0
14936 0
14937 1
14938 0
14939 1
14940 2
14941 0
14942 0
14943 0
14944 0
14945 0
14946 0
14947 0
14948 2
14949 0
14950 0
14951 1
14952 0
14953 1
14954 2
14955 2
14956 2
14957 0
14958 0
14959 0
14960 1
14961 0
14962 1
14963 2
14964 0
14965 0
14966 2
14967 0
14968 0
14969 0
14970 0
14971 0
14972 0
14973 2
14974 0
14975 0
14976 0
14977 0
14978 1
14979 0
14980 0
14981 1
14982 1
14983 0
14984 0
14985 1
14986 1
14987 0
14988 2
14989 1
14990 0
14991 0
14992 0
14993 0
14994 0
14995 0
14996 0
14997 1
14998 0
14999 0
15000 0
15001 0
15002 0
15003 0
15004 0
15005 0
15006 0
15007 0
15008 0
15009 2
15010 0
15011 0
15012 0
15013 0
15014 0
15015 0
15016 0
15017 0
15018 0
15019 1
15020 0
15021 2
15022 0
15023 0
15024 0
15025 0
15026 1
15027 0
15028 0
15029 2
15030 0
15031 1
15032 0
15033 0
15034 0
15035 0
15036 0
15037 4
15038 0
15039 0
15040 0
15041 0
15042 1
15043 1
15044 3
15045 0
15046 0
15047 1
15048 0
15049 0
15050 1
15051 1
15052 0
15053 2
15054 1
15055 0
15056 1
15057 2
15058 1
15059 0
15060 0
15061 0
15062 0
15063 0
15064 0
15065 0
15066 0
15067 2
15068 0
15069 0
15070 1
15071 0
15072 1
15073 0
15074 0
15075 1
15076 0
15077 1
15078 0
15079 3
15080 0
15081 0
15082 0
15083 2
15084 0
15085 0
15086 1
15087 0
15088 0
15089 0
15090 0
15091 0
15092 0
15093 0
15094 0
15095 1
15096 0
15097 0
15098 0
15099 0
15100 0
15101 0
15102 0
15103 0
15104 3
15105 0
15106 4
15107 1
15108 0
15109 3
15110 0
15111 1
15112 1
15113 0
15114 0
15115 0
15116 0
15117 0
15118 0
15119 0
15120 0
15121 0
15122 2
15123 0
15124 0
15125 0
15126 0
15127 1
15128 0
15129 1
15130 1
15131 0
15132 0
15133 0
15134 0
15135 1
15136 0
15137 0
15138 1
15139 0
15140 1
15141 0
15142 0
15143 0
15144 0
15145 2
15146 0
15147 1
15148 0
15149 1
15150 2
15151 2
15152 0
15153 0
15154 0
15155 0
15156 0
15157 0
15158 0
15159 0
15160 0
15161 0
15162 0
15163 0
15164 0
15165 2
15166 1
15167 0
15168 1
15169 1
15170 0
15171 0
15172 0
15173 0
15174 1
15175 1
15176 0
15177 0
15178 0
15179 0
15180 0
15181 2
15182 0
15183 0
15184 0
15185 1
15186 1
15187 0
15188 1
15189 0
15190 0
15191 1
15192 1
15193 0
15194 1
15195 0
15196 0
15197 1
15198 0
15199 0
15200 0
15201 2
15202 0
15203 0
15204 1
15205 0
15206 0
15207 0
15208 1
15209 0
15210 0
15211 1
15212 1
15213 3
15214 0
15215 0
15216 0
15217 0
15218 0
15219 0
15220 0
15221 0
15222 0
15223 1
15224 0
15225 0
15226 0
15227 2
15228 1
15229 0
15230 0
15231 0
15232 0
15233 1
15234 0
15235 0
15236 0
15237 0
15238 0
15239 0
15240 2
15241 1
15242 0
15243 0
15244 3
15245 0
15246 0
15247 1
15248 1
15249 1
15250 0
15251 0
15252 1
15253 3
15254 1
15255 0
15256 0
15257 1
15258 0
15259 1
15260 0
15261 0
15262 2
15263 0
15264 0
15265 0
15266 0
15267 1
15268 0
15269 0
15270 1
15271 0
15272 2
15273 0
15274 0
15275 1
15276 1
15277 2
15278 0
15279 0
15280 2
15281 0
15282 0
15283 2
15284 1
15285 0
15286 0
15287 0
15288 0
15289 0
15290 0
15291 1
15292 1
15293 0
15294 0
15295 0
15296 0
15297 0
15298 1
15299 0
15300 0
15301 0
15302 0
15303 0
15304 1
15305 0
15306 0
15307 0
15308 1
15309 0
15310 1
15311 0
15312 0
15313 0
15314 0
15315 3
15316 0
15317 0
15318 0
15319 1
15320 0
15321 1
15322 1
15323 0
15324 0
15325 1
15326 0
15327 1
15328 1
15329 0
15330 1
15331 0
15332 0
15333 0
15334 0
15335 0
15336 0
15337 0
15338 0
15339 0
15340 1
15341 2
15342 0
15343 0
15344 3
15345 0
15346 0
15347 0
15348 0
15349 0
15350 0
15351 0
15352 0
15353 0
15354 0
15355 1
15356 0
15357 0
15358 0
15359 0
15360 0
15361 0
15362 0
15363 0
15364 0
15365 0
15366 0
15367 0
15368 0
15369 0
15370 0
15371 0
15372 0
15373 1
15374 2
15375 0
15376 0
15377 0
15378 1
15379 0
15380 0
15381 1
15382 0
15383 0
15384 0
15385 0
15386 0
15387 0
15388 0
15389 2
15390 0
15391 2
15392 0
15393 0
15394 0
15395 1
15396 2
15397 0
15398 3
15399 0
15400 1
15401 0
15402 0
15403 0
15404 0
15405 0
15406 0
15407 1
15408 2
15409 0
15410 0
15411 1
15412 0
15413 0
15414 0
15415 0
15416 0
15417 0
15418 0
15419 0
15420 2
15421 0
15422 0
15423 0
15424 0
15425 0
15426 0
15427 0
15428 0
15429 0
15430 0
15431 0
15432 0
15433 1
15434 0
15435 0
15436 1
15437 0
15438 1
15439 0
15440 0
15441 0
15442 0
15443 0
15444 1
15445 0
15446 0
15447 1
15448 0
15449 0
15450 0
15451 2
15452 0
15453 0
15454 0
15455 0
15456 0
15457 0
15458 2
15459 0
15460 0
15461 0
15462 1
15463 0
15464 0
15465 1
15466 2
15467 2
15468 0
15469 2
15470 0
15471 0
15472 0
15473 1
15474 0
15475 0
15476 0
15477 0
15478 0
15479 0
15480 0
15481 1
15482 0
15483 2
15484 0
15485 0
15486 0
15487 0
15488 0
15489 1
15490 0
15491 0
15492 2
15493 0
15494 0
15495 0
15496 0
15497 1
15498 0
15499 1
15500 0
15501 0
15502 0
15503 1
15504 0
15505 2
15506 1
15507 0
15508 0
15509 2
15510 1
15511 1
15512 1
15513 0
15514 0
15515 0
15516 0
15517 0
15518 0
15519 0
15520 0
15521 1
15522 1
15523 1
15524 1
15525 0
15526 0
15527 1
15528 0
15529 0
15530 0
15531 0
15532 0
15533 0
15534 0
15535 0
15536 2
15537 1
15538 0
15539 0
15540 0
15541 2
15542 0
15543 0
15544 0
15545 0
15546 2
15547 1
15548 1
15549 0
15550 1
15551 1
15552 0
15553 0
15554 0
15555 1
15556 0
15557 1
15558 0
15559 1
15560 0
15561 1
15562 0
15563 1
15564 1
15565 0
15566 0
15567 0
15568 2
15569 0
15570 2
15571 0
15572 0
15573 0
15574 1
15575 1
15576 0
15577 0
15578 2
15579 0
15580 0
15581 0
15582 1
15583 0
15584 0
15585 3
15586 2
15587 0
15588 0
15589 1
15590 0
15591 0
15592 0
15593 0
15594 0
15595 0
15596 0
15597 0
15598 0
15599 0
15600 2
15601 1
15602 0
15603 1
15604 0
15605 0
15606 0
15607 1
15608 0
15609 1
15610 0
15611 0
15612 0
15613 0
15614 0
15615 0
15616 0
15617 0
15618 1
15619 0
15620 0
15621 0
15622 0
15623 1
15624 2
15625 1
15626 0
15627 0
15628 0
15629 0
15630 0
15631 0
15632 2
15633 0
15634 0
15635 0
15636 0
15637 0
15638 0
15639 0
15640 0
15641 0
15642 0
15643 0
15644 0
15645 1
15646 0
15647 0
15648 0
15649 3
15650 0
15651 1
15652 0
15653 0
15654 0
15655 1
15656 0
15657 2
15658 1
15659 0
15660 0
15661 1
15662 0
15663 0
15664 0
15665 0
15666 0
15667 0
15668 0
15669 0
15670 0
15671 0
15672 0
15673 1
15674 1
15675 0
15676 0
15677 0
15678 1
15679 0
15680 0
15681 2
15682 0
15683 0
15684 0
15685 1
15686 0
15687 0
15688 0
15689 0
15690 0
15691 1
15692 0
15693 0
15694 0
15695 0
15696 0
15697 3
15698 0
15699 0
15700 0
15701 0
15702 0
15703 0
15704 0
15705 0
15706 0
15707 0
15708 2
15709 0
15710 0
15711 0
15712 0
15713 0
15714 0
15715 2
15716 0
15717 2
15718 0
15719 0
15720 0
15721 0
15722 2
15723 0
15724 1
15725 0
15726 0
15727 0
15728 3
15729 0
15730 0
15731 0
15732 0
15733 0
15734 0
15735 0
15736 0
15737 2
15738 1
15739 0
15740 3
15741 2
15742 1
15743 0
15744 3
15745 0
15746 0
15747 0
15748 1
15749 0
15750 0
15751 0
15752 0
15753 0
15754 0
15755 0
15756 0
15757 0
15758 0
15759 0
15760 0
15761 0
15762 0
15763 3
15764 0
15765 0
15766 0
15767 0
15768 1
15769 0
15770 0
15771 1
15772 0
15773 0
15774 0
15775 0
15776 1
15777 1
15778 0
15779 0
15780 0
15781 0
15782 0
15783 0
15784 0
15785 0
15786 1
15787 0
15788 0
15789 0
15790 1
15791 0
15792 0
15793 0
15794 3
15795 2
15796 0
15797 0
15798 1
15799 0
15800 1
15801 2
15802 1
15803 1
15804 0
15805 1
15806 0
15807 0
15808 0
15809 1
15810 0
15811 0
15812 1
15813 0
15814 1
15815 0
15816 0
15817 0
15818 0
15819 0
15820 0
15821 2
15822 1
15823 0
15824 0
15825 2
15826 0
15827 0
15828 0
15829 0
15830 1
15831 0
15832 2
15833 0
15834 0
15835 1
15836 3
15837 0
15838 1
15839 0
15840 0
15841 1
15842 1
15843 0
15844 1
15845 0
15846 1
15847 0
15848 0
15849 0
15850 0
15851 1
15852 0
15853 0
15854 0
15855 5
15856 0
15857 0
15858 1
15859 0
15860 0
15861 0
15862 1
15863 2
15864 0
15865 0
15866 0
15867 0
15868 2
15869 4
15870 0
15871 3
15872 0
15873 0
15874 0
15875 0
15876 1
15877 0
15878 2
15879 0
15880 0
15881 0
15882 0
15883 0
15884 0
15885 0
15886 0
15887 0
15888 0
15889 2
15890 0
15891 0
15892 0
15893 0
15894 0
15895 0
15896 0
15897 1
15898 1
15899 0
15900 0
15901 1
15902 1
15903 0
15904 0
15905 0
15906 1
15907 1
15908 1
15909 0
15910 0
15911 2
15912 1
15913 0
15914 0
15915 0
15916 1
15917 1
15918 0
15919 0
15920 0
15921 0
15922 1
15923 2
15924 0
15925 0
15926 0
15927 0
15928 0
15929 2
15930 2
15931 0
15932 0
15933 1
15934 0
15935 0
15936 0
15937 1
15938 0
15939 0
15940 0
15941 1
15942 0
15943 0
15944 0
15945 0
15946 0
15947 1
15948 1
15949 1
15950 0
15951 0
15952 1
15953 0
15954 0
15955 0
15956 1
15957 0
15958 0
15959 0
15960 0
15961 0
15962 1
15963 0
15964 1
15965 1
15966 1
15967 0
15968 3
15969 3
15970 0
15971 0
15972 0
15973 0
15974 0
15975 0
15976 1
15977 1
15978 0
15979 0
15980 0
15981 0
15982 1
15983 0
15984 0
15985 0
15986 0
15987 0
15988 0
15989 0
15990 0
15991 0
15992 0
15993 0
15994 0
15995 1
15996 1
15997 1
15998 1
15999 0
16000 1
16001 0
16002 2
16003 3
16004 0
16005 0
16006 0
16007 2
16008 1
16009 1
16010 0
16011 3
16012 2
16013 0
16014 2
16015 0
16016 0
16017 0
16018 0
16019 0
16020 0
16021 1
16022 0
16023 1
16024 0
16025 0
16026 0
16027 0
16028 0
16029 0
16030 0
16031 1
16032 2
16033 0
16034 2
16035 0
16036 2
16037 0
16038 0
16039 2
16040 0
16041 1
16042 1
16043 0
16044 0
16045 0
16046 0
16047 0
16048 0
16049 1
16050 0
16051 1
16052 1
16053 0
16054 0
16055 1
16056 0
16057 0
16058 0
16059 1
16060 3
16061 1
16062 0
16063 0
16064 0
16065 0
16066 0
16067 0
16068 0
16069 1
16070 0
16071 0
16072 0
16073 2
16074 0
16075 0
16076 0
16077 0
16078 0
16079 0
16080 0
16081 3
16082 0
16083 0
16084 1
16085 1
16086 0
16087 0
16088 2
16089 1
16090 1
16091 3
16092 0
16093 0
16094 1
16095 1
16096 0
16097 2
16098 1
16099 1
16100 3
16101 0
16102 0
16103 0
16104 0
16105 0
16106 0
16107 1
16108 0
16109 0
16110 0
16111 0
16112 0
16113 0
16114 0
16115 3
16116 0
16117 0
16118 1
16119 1
16120 0
16121 0
16122 0
16123 1
16124 0
16125 0
16126 0
16127 0
16128 0
16129 0
16130 0
16131 2
16132 0
16133 1
16134 0
16135 0
16136 0
16137 0
16138 0
16139 0
16140 1
16141 1
16142 1
16143 1
16144 1
16145 0
16146 0
16147 0
16148 0
16149 0
16150 0
16151 2
16152 0
16153 0
16154 0
16155 0
16156 0
16157 0
16158 0
16159 0
16160 0
16161 2
16162 0
16163 0
16164 0
16165 0
16166 0
16167 0
16168 0
16169 1
16170 0
16171 0
16172 2
16173 0
16174 2
16175 0
16176 0
16177 1
16178 0
16179 0
16180 0
16181 0
16182 0
16183 3
16184 0
16185 1
16186 2
16187 0
16188 0
16189 0
16190 0
16191 0
16192 0
16193 0
16194 0
16195 1
16196 0
16197 0
16198 0
16199 0
16200 1
16201 0
16202 0
16203 3
16204 0
16205 0
16206 1
16207 0
16208 0
16209 0
16210 0
16211 1
16212 0
16213 0
16214 1
16215 0
16216 1
16217 0
16218 0
16219 0
16220 1
16221 1
16222 0
16223 0
16224 0
16225 3
16226 1
16227 0
16228 1
16229 1
16230 0
16231 0
16232 0
16233 0
16234 0
16235 2
16236 1
16237 0
16238 0
16239 2
16240 0
16241 0
16242 0
16243 2
16244 0
16245 0
16246 1
16247 1
16248 0
16249 0
16250 0
16251 0
16252 0
16253 5
16254 0
16255 0
16256 0
16257 0
16258 0
16259 0
16260 0
16261 0
16262 0
16263 0
16264 0
16265 0
16266 0
16267 0
16268 0
16269 0
16270 0
16271 0
16272 0
16273 0
16274 0
16275 0
16276 1
16277 1
16278 0
16279 0
16280 0
16281 0
16282 0
16283 0
16284 1
16285 0
16286 0
16287 0
16288 0
16289 2
16290 0
16291 0
16292 0
16293 1
16294 0
16295 0
16296 0
16297 0
16298 0
16299 0
16300 0
16301 1
16302 0
16303 0
16304 0
16305 0
16306 0
16307 1
16308 0
16309 0
16310 0
16311 0
16312 1
16313 0
16314 1
16315 0
16316 0
16317 0
16318 0
16319 0
16320 0
16321 1
16322 0
16323 0
16324 1
16325 1
16326 2
16327 2
16328 0
16329 0
16330 0
16331 0
16332 1
16333 0
16334 1
16335 0
16336 1
16337 0
16338 2
16339 0
16340 0
16341 1
16342 1
16343 0
16344 0
16345 0
16346 2
16347 0
16348 0
16349 0
16350 0
16351 0
16352 0
16353 0
16354 0
16355 1
16356 2
16357 0
16358 0
16359 1
16360 0
16361 0
16362 0
16363 1
16364 0
16365 1
16366 3
16367 0
16368 0
16369 0
16370 0
16371 0
16372 0
16373 0
16374 0
16375 0
16376 2
16377 0
16378 0
16379 0
16380 2
16381 5
16382 0
16383 0
